경매번호,주소지,x,y,종류,면적,감정가,입찰가,입찰일,링크,크기,건물 면적,토지 면적,대지권 면적
2016 타경 2835(2),제주 제주시 구좌읍 송당리 산 227,126.80946319553,33.459588053826,임야,토지 2777㎡(840.04평),"294,362,000","294,362,000",2023-05-16,"<a href=""https://www.dooinauction.com/auction/search/?auction_id=901_20160002835_002"">link</a>",10,0.0,840.04,0.0
2016 타경 7244,경기 가평군 가평읍 복장리 산 162-5 외 2개 목록,127.50037412183,37.728106015064,임야,토지 9895㎡(2993.24평),"713,340,000","499,338,000",2023-05-16,"<a href=""https://www.dooinauction.com/auction/search/?auction_id=106_20160007244_001"">link</a>",10,0.0,2993.24,0.0
2017 타경 70569,경북 예천군 개포면 풍정리 237,128.3301507228,36.634460563836,답,토지 14610㎡(4419.53평),"292,200,000","204,540,000",2023-05-16,"<a href=""https://www.dooinauction.com/auction/search/?auction_id=704_20170070569_001"">link</a>",10,0.0,4419.53,0.0
2018 타경 8100,충남 천안시 동남구 병천면 가전리 257-53 외 1개 목록,127.28625264456,36.773604377086,다가구 주택,건물 364.56㎡(110.28평) / 토지 660㎡(199.65평) / 제시외 87.1 ㎡,"751,164,880","180,355,000",2023-05-16,"<a href=""https://www.dooinauction.com/auction/search/?auction_id=402_20180008100_001"">link</a>",10,110.28,199.65,0.0
2019 타경 4682(2),충남 당진시 원당동 497-1 2동 외 28개 목록,126.64945408479,36.911471515392,사무실,건물 3472.76㎡(1050.51평) / 토지 35489㎡(10735.42평),"14,117,388,940","14,117,388,940",2023-05-16,"<a href=""https://www.dooinauction.com/auction/search/?auction_id=404_20190004682_002"">link</a>",10,1050.51,10735.42,0.0
2019 타경 4682(5),충남 당진시 원당동 461-1,126.6497274673,36.9110725977,전,토지 1974㎡(597.14평),"521,136,000","521,136,000",2023-05-16,"<a href=""https://www.dooinauction.com/auction/search/?auction_id=404_20190004682_005"">link</a>",10,0.0,597.14,0.0
2019 타경 8230,제주 서귀포시 대정읍 영락리 1613-3,126.20235899916,33.249701240621,전,토지 921㎡(278.6평),"130,782,000","130,782,000",2023-05-16,"<a href=""https://www.dooinauction.com/auction/search/?auction_id=901_20190008230_001"">link</a>",10,0.0,278.6,0.0
2019 타경 9049(1),충남 천안시 서북구 백석동 872 대건프라자 5층 501호,127.12501171257,36.822060243406,근린상가,건물 864.48㎡(261.51평) / 대지권 215.7㎡(65.25평),"1,622,000,000","1,135,400,000",2023-05-16,"<a href=""https://www.dooinauction.com/auction/search/?auction_id=402_20190009049_001"">link</a>",10,261.51,0.0,65.25
2019 타경 9049(2),충남 천안시 서북구 백석동 872 대건프라자 6층 601호 외 1개 목록,127.12501171257,36.822060243406,근린상가,건물 864.48㎡(261.51평) / 대지권 215.7㎡(65.25평),"1,622,000,000","1,135,400,000",2023-05-16,"<a href=""https://www.dooinauction.com/auction/search/?auction_id=402_20190009049_002"">link</a>",10,261.51,0.0,65.25
2019 타경 9049(3),충남 천안시 서북구 백석동 872 대건프라자 7층 701호,127.12501171257,36.822060243406,근린상가,건물 864.48㎡(261.51평) / 대지권 215.7㎡(65.25평),"1,622,000,000","1,135,400,000",2023-05-16,"<a href=""https://www.dooinauction.com/auction/search/?auction_id=402_20190009049_003"">link</a>",10,261.51,0.0,65.25
2019 타경 10855,경북 경주시 동천동 702-12 우주로얄맨션 302동 10층 1006호,129.22161651813,35.853866679667,아파트,건물 84.93㎡(25.69평) / 대지권 32.83㎡(9.93평),"140,000,000","140,000,000",2023-05-16,"<a href=""https://www.dooinauction.com/auction/search/?auction_id=702_20190010855_001"">link</a>",10,25.69,0.0,9.93
2019 타경 25557,경기 남양주시 수동면 지둔리 산 49-4 외 7개 목록,127.30587663002,37.714885842243,임야,토지 29305.38㎡(8864.88평),"1,557,437,270","1,557,437,270",2023-05-16,"<a href=""https://www.dooinauction.com/auction/search/?auction_id=106_20190025557_001"">link</a>",10,0.0,8864.88,0.0
2020 타경 409,경북 상주시 공성면 거창리 283-1,128.07036320669,36.268791124208,답,토지 4274㎡(1292.89평),"100,439,000","49,215,000",2023-05-16,"<a href=""https://www.dooinauction.com/auction/search/?auction_id=704_20200000409_001"">link</a>",10,0.0,1292.89,0.0
2020 타경 9155,경기 시흥시 정왕동 1787-1 611동 5층 502호,126.74062166737,37.340537873748,아파트,건물 59.98㎡(18.14평) / 대지권 55.7㎡(16.85평),"201,000,000","140,700,000",2023-05-16,"<a href=""https://www.dooinauction.com/auction/search/?auction_id=305_20200009155_001"">link</a>",10,18.14,0.0,16.85
2020 타경 10025,경기 가평군 가평읍 달전리 91-1 2층 201호,127.52451785916,37.808464950313,근린상가,건물 25.2㎡(7.62평) / 대지권 30.4㎡(9.2평),"120,000,000","41,160,000",2023-05-16,"<a href=""https://www.dooinauction.com/auction/search/?auction_id=106_20200010025_001"">link</a>",10,7.62,0.0,9.2
2020 타경 10823(1),경기 오산시 수청동 619-1 어반스페이스타워 7층 701호,127.06529334014,37.17019983478,근린상가,건물 551.41㎡(166.8평) / 대지권 156.02㎡(47.2평),"2,233,000,000","2,233,000,000",2023-05-16,"<a href=""https://www.dooinauction.com/auction/search/?auction_id=301_20200010823_001"">link</a>",10,166.8,0.0,47.2
2020 타경 10823(2),경기 오산시 수청동 619-1 어반스페이스타워 2층 205호,127.06529334014,37.17019983478,근린상가,건물 63.07㎡(19.08평) / 대지권 17.85㎡(5.4평),"365,000,000","365,000,000",2023-05-16,"<a href=""https://www.dooinauction.com/auction/search/?auction_id=301_20200010823_002"">link</a>",10,19.08,0.0,5.4
2020 타경 10823(3),경기 오산시 수청동 619-1 어반스페이스타워 2층 211호,127.06529334014,37.17019983478,근린상가,건물 92.03㎡(27.84평) / 대지권 26.04㎡(7.88평),"506,000,000","506,000,000",2023-05-16,"<a href=""https://www.dooinauction.com/auction/search/?auction_id=301_20200010823_003"">link</a>",10,27.84,0.0,7.88
2020 타경 12679(3),울산 북구 산하동 974-18 4층 403비호,129.44081101317,35.635761215409,오피스텔,건물 17.88㎡(5.41평) / 대지권 7.15㎡(2.16평),"106,000,000","36,358,000",2023-05-16,"<a href=""https://www.dooinauction.com/auction/search/?auction_id=D01_20200012679_003"">link</a>",10,5.41,0.0,2.16
2020 타경 12679(4),울산 북구 산하동 974-18 4층 404시호,129.44081101317,35.635761215409,오피스텔,건물 17.54㎡(5.31평) / 대지권 7.01㎡(2.12평),"104,000,000","35,672,000",2023-05-16,"<a href=""https://www.dooinauction.com/auction/search/?auction_id=D01_20200012679_004"">link</a>",10,5.31,0.0,2.12
2020 타경 12679(5),울산 북구 산하동 974-18 4층 402비호,129.44081101317,35.635761215409,오피스텔,건물 17.88㎡(5.41평) / 대지권 7.15㎡(2.16평),"106,000,000","36,358,000",2023-05-16,"<a href=""https://www.dooinauction.com/auction/search/?auction_id=D01_20200012679_005"">link</a>",10,5.41,0.0,2.16
2020 타경 13857,경기 남양주시 와부읍 덕소리 462-9 덕소한강벽산메가트리움 27층 102-2703호,127.21113821441,37.586873721707,아파트,건물 125.11㎡(37.85평) / 대지권 30.7㎡(9.29평),"582,000,000","407,400,000",2023-05-16,"<a href=""https://www.dooinauction.com/auction/search/?auction_id=106_20200013857_001"">link</a>",10,37.85,0.0,9.29
2020 타경 15730,충남 홍성군 서부면 판교리 587-1 외 2개 목록,126.51911745552,36.545959076791,창고,건물 198㎡(59.9평) / 토지 3145㎡(951.36평) / 제시외 92.5 ㎡,"144,779,600","144,779,600",2023-05-16,"<a href=""https://www.dooinauction.com/auction/search/?auction_id=405_20200015730_001"">link</a>",10,59.9,951.36,0.0
2020 타경 76426,광주 서구 쌍촌동 278-1 쌍촌아너팰리스 4층 402호,126.86957600892,35.156826698647,아파트,건물 63.31㎡(19.15평) / 대지권 23.53㎡(7.12평),"251,000,000","18,866,000",2023-05-16,"<a href=""https://www.dooinauction.com/auction/search/?auction_id=801_20200076426_001"">link</a>",10,19.15,0.0,7.12
2020 타경 110402,부산 부산진구 양정동 359-5 2층 202호,129.06943477824,35.175998300175,오피스텔,건물 57.73㎡(17.46평) / 대지권 15.4㎡(4.66평),"202,000,000","13,882,000",2023-05-16,"<a href=""https://www.dooinauction.com/auction/search/?auction_id=601_20200110402_001"">link</a>",10,17.46,0.0,4.66
2020 타경 110695,서울 종로구 가회동 16-9,126.98477826604,37.582851864439,도로,토지 154.2㎡(46.65평),"570,540,000","149,564,000",2023-05-16,"<a href=""https://www.dooinauction.com/auction/search/?auction_id=101_20200110695_001"">link</a>",10,0.0,46.65,0.0
2020 타경 111347(2),울산 동구 방어동 308-3 월드스카이파크 19층 2101호,129.42184778723,35.484042619547,아파트,건물 84.95㎡(25.7평) / 대지권 26.9㎡(8.14평),"210,000,000","72,030,000",2023-05-16,"<a href=""https://www.dooinauction.com/auction/search/?auction_id=D01_20200111347_002"">link</a>",10,25.7,0.0,8.14
2021 타경 1018,서울 강북구 수유동 486-1263,127.01168147043,37.626075828245,다가구 주택,건물 135.27㎡(40.92평),"145,079,000","24,340,000",2023-05-16,"<a href=""https://www.dooinauction.com/auction/search/?auction_id=105_20210001018_001"">link</a>",10,40.92,0.0,0.0
2021 타경 1492,울산 중구 남외동 9-1 4층 402호,129.34172131207,35.576019474323,다세대/빌라,건물 60.27㎡(18.23평) / 대지권 36.7㎡(11.1평),"79,000,000","9,295,000",2023-05-16,"<a href=""https://www.dooinauction.com/auction/search/?auction_id=D01_20210001492_001"">link</a>",10,18.23,0.0,11.1
2021 타경 1606(1),서울 종로구 청운동 144-3 외 1개 목록,126.97042041376,37.584436599887,근린시설,건물 12.9㎡(3.9평) / 토지 27㎡(8.17평) / 제시외 10.56 ㎡,"380,043,000","304,034,000",2023-05-16,"<a href=""https://www.dooinauction.com/auction/search/?auction_id=101_20210001606_001"">link</a>",10,3.9,8.17,0.0
2021 타경 1606(2),서울 종로구 신영동 196-5,126.96097340755,37.602091041463,대지,토지 46㎡(13.92평),"333,960,000","267,168,000",2023-05-16,"<a href=""https://www.dooinauction.com/auction/search/?auction_id=101_20210001606_002"">link</a>",10,0.0,13.92,0.0
2021 타경 1767(2),서울 중구 을지로6가 18-35 헬로우에이피엠 2층 156호,127.0081427759,37.567492588848,근린상가,건물 3.77㎡(1.14평) / 대지권 1.1㎡(0.33평),"60,000,000","10,066,000",2023-05-16,"<a href=""https://www.dooinauction.com/auction/search/?auction_id=101_20210001767_002"">link</a>",10,1.14,0.0,0.33
2021 타경 1873,서울 종로구 인의동 48-2 효성주얼리시티 2층 제이2037호,126.99866664524,37.571482920688,근린상가,건물 7.2㎡(2.18평) / 대지권 1.9㎡(0.57평),"137,000,000","22,985,000",2023-05-16,"<a href=""https://www.dooinauction.com/auction/search/?auction_id=101_20210001873_001"">link</a>",10,2.18,0.0,0.57
2021 타경 2088,강원 태백시 소도동 24-1 2층 201호,128.96895810819,37.132158251705,숙박시설,건물 31.05㎡(9.39평) / 대지권 24.04㎡(7.27평),"105,000,000","6,054,000",2023-05-16,"<a href=""https://www.dooinauction.com/auction/search/?auction_id=505_20210002088_001"">link</a>",10,9.39,0.0,7.27
2021 타경 2221,경기 부천시 송내동 421-6 3층 301호,126.76059207249,37.48033133522,다세대/빌라,건물 56.08㎡(16.96평) / 대지권 66.6㎡(20.15평),"165,000,000","9,512,000",2023-05-16,"<a href=""https://www.dooinauction.com/auction/search/?auction_id=202_20210002221_001"">link</a>",10,16.96,0.0,20.15
2021 타경 2987(1),경북 경주시 내남면 망성리 7-1 가동 외 1개 목록,129.19636271943,35.795650574144,창고,건물 598.25㎡(180.97평) / 토지 1611㎡(487.33평),"564,893,000","395,425,000",2023-05-16,"<a href=""https://www.dooinauction.com/auction/search/?auction_id=702_20210002987_001"">link</a>",10,180.97,487.33,0.0
2021 타경 2987(2),경북 경주시 내남면 망성리 7-3 외 1개 목록,129.19647415953,35.796094829296,과수원,토지 8495㎡(2569.74평),"474,276,000","331,993,000",2023-05-16,"<a href=""https://www.dooinauction.com/auction/search/?auction_id=702_20210002987_002"">link</a>",10,0.0,2569.74,0.0
2021 타경 3856(1),경남 양산시 원동면 서룡리 1060 외 1개 목록,128.9462597118,35.353295050759,전,토지 2461㎡(744.45평),"165,245,000","165,245,000",2023-05-16,"<a href=""https://www.dooinauction.com/auction/search/?auction_id=D01_20210003856_001"">link</a>",10,0.0,744.45,0.0
2021 타경 3856(2),경남 양산시 원동면 서룡리 1211-2 외 2개 목록,128.94539531024,35.351614975496,임야,토지 1066㎡(322.47평),"183,606,000","183,606,000",2023-05-16,"<a href=""https://www.dooinauction.com/auction/search/?auction_id=D01_20210003856_002"">link</a>",10,0.0,322.47,0.0
2021 타경 3918,충북 청주시 청원구 우암동 328-12 우암세원임대아파트 101동 13층 1305호,127.48703011055,36.645728529992,아파트,건물 34.15㎡(10.33평) / 대지권 10.8㎡(3.27평),"61,000,000","2,146,000",2023-05-16,"<a href=""https://www.dooinauction.com/auction/search/?auction_id=A01_20210003918_001"">link</a>",10,10.33,0.0,3.27
2021 타경 3961,서울 관악구 신림동 711-63 드림캐슬 1층 101호,126.9192334005,37.470413254553,다세대/빌라,건물 39.59㎡(11.98평) / 대지권 17.5㎡(5.29평),"227,000,000","116,224,000",2023-05-16,"<a href=""https://www.dooinauction.com/auction/search/?auction_id=101_20210003961_001"">link</a>",10,11.98,0.0,5.29
2021 타경 4022,광주 광산구 쌍암동 660-7 에이엠시티4차 4층 408호,126.84343566955,35.219301416623,아파트,건물 32.32㎡(9.78평) / 대지권 9.7㎡(2.93평),"103,000,000","9,678,000",2023-05-16,"<a href=""https://www.dooinauction.com/auction/search/?auction_id=801_20210004022_001"">link</a>",10,9.78,0.0,2.93
2021 타경 4390,경북 영천시 성내동 379,128.9210190997,35.961147848708,전,토지 1828㎡(552.97평),"626,428,000","438,500,000",2023-05-16,"<a href=""https://www.dooinauction.com/auction/search/?auction_id=701_20210004390_001"">link</a>",10,0.0,552.97,0.0
2021 타경 4942,충북 청주시 청원구 율량동 1292 율량신라아파트 나열동 11층 1108호,127.48039259985,36.666499570381,아파트,건물 30.6㎡(9.26평) / 대지권 12.35㎡(3.74평),"95,000,000","10,200,000",2023-05-16,"<a href=""https://www.dooinauction.com/auction/search/?auction_id=A01_20210004942_001"">link</a>",10,9.26,0.0,3.74
2021 타경 4948,부산 연제구 연산동 1135-3 대진그린타워아파트 9층 903호,129.08947378382,35.181055563498,아파트,건물 62.46㎡(18.89평) / 대지권 32.5㎡(9.83평),"134,000,000","28,102,000",2023-05-16,"<a href=""https://www.dooinauction.com/auction/search/?auction_id=601_20210004948_001"">link</a>",10,18.89,0.0,9.83
2021 타경 5010,서울 동대문구 장안동 184-9 씨제이베네치아 2층 203호,127.06591117529,37.56884686737,다세대/빌라,건물 65.52㎡(19.82평) / 대지권 43.1㎡(13.04평),"374,000,000","62,747,000",2023-05-16,"<a href=""https://www.dooinauction.com/auction/search/?auction_id=105_20210005010_001"">link</a>",10,19.82,0.0,13.04
2021 타경 5388,울산 울주군 두서면 활천리 817-4,129.19352658333,35.699524000893,공장용지,건물 419.2㎡(126.81평) / 토지 6636.4㎡(2007.51평) / 제시외 419.2 ㎡,"1,751,601,600","1,751,601,600",2023-05-16,"<a href=""https://www.dooinauction.com/auction/search/?auction_id=D01_20210005388_001"">link</a>",10,126.81,2007.51,0.0
2021 타경 5562,제주 제주시 애월읍 광령리 794 외 9개 목록,126.43932897372,33.44214234818,주택,건물 1122.41㎡(339.53평) / 토지 5042㎡(1525.21평) / 제시외 179.35 ㎡,"4,308,701,380","4,308,701,380",2023-05-16,"<a href=""https://www.dooinauction.com/auction/search/?auction_id=901_20210005562_001"">link</a>",10,339.53,1525.21,0.0
2021 타경 5611,서울 강서구 화곡동 870-60 다안빌라트 102동 5층 503호,126.85477390013,37.533189241854,다세대/빌라,건물 32.91㎡(9.96평) / 대지권 20.31㎡(6.14평),"256,000,000","34,360,000",2023-05-16,"<a href=""https://www.dooinauction.com/auction/search/?auction_id=104_20210005611_001"">link</a>",10,9.96,0.0,6.14
2021 타경 5705,부산 금정구 남산동 78-24 뉴아트타운비동 외 1개 목록,129.08956099065,35.263304728166,다가구 주택,건물 230.88㎡(69.84평) / 토지 118㎡(35.7평) / 제시외 46.98 ㎡,"773,875,200","495,280,000",2023-05-16,"<a href=""https://www.dooinauction.com/auction/search/?auction_id=601_20210005705_001"">link</a>",10,69.84,35.7,0.0
2021 타경 6107,제주 제주시 애월읍 장전리 1739-11,126.37423153405,33.450872907263,근린시설,건물 25.2㎡(7.62평),"26,611,200","18,628,000",2023-05-16,"<a href=""https://www.dooinauction.com/auction/search/?auction_id=901_20210006107_001"">link</a>",10,7.62,0.0,0.0
2021 타경 6282(1),제주 서귀포시 대정읍 보성리 2548 103동 1층 1호,126.27423273999,33.246084206273,근린상가,건물 46.72㎡(14.13평) / 대지권 77.9㎡(23.56평),"166,000,000","56,938,000",2023-05-16,"<a href=""https://www.dooinauction.com/auction/search/?auction_id=901_20210006282_001"">link</a>",10,14.13,0.0,23.56
2021 타경 6282(3),제주 서귀포시 대정읍 보성리 2548 103동 1층 3호,126.27423273999,33.246084206273,근린상가,건물 74.61㎡(22.57평) / 대지권 124.4㎡(37.63평),"265,000,000","90,895,000",2023-05-16,"<a href=""https://www.dooinauction.com/auction/search/?auction_id=901_20210006282_003"">link</a>",10,22.57,0.0,37.63
2021 타경 6333,부산 동구 수정동 1167-11 외 1개 목록,129.03990969468,35.128599174951,다가구 주택,건물 380.06㎡(114.97평) / 토지 229.4㎡(69.39평),"595,984,310","244,115,000",2023-05-16,"<a href=""https://www.dooinauction.com/auction/search/?auction_id=601_20210006333_001"">link</a>",10,114.97,69.39,0.0
2021 타경 6498,경기 남양주시 화도읍 묵현리 592-13 2층 202호,127.27241896481,37.655217382987,다세대/빌라,건물 38.16㎡(11.54평) / 대지권 26.3㎡(7.96평),"65,000,000","45,500,000",2023-05-16,"<a href=""https://www.dooinauction.com/auction/search/?auction_id=106_20210006498_001"">link</a>",10,11.54,0.0,7.96
2021 타경 6768,서울 강서구 화곡동 366-32 이도트라움2 101동 5층 502호,126.84114641595,37.534276864219,다세대/빌라,건물 27.81㎡(8.41평) / 대지권 16.5㎡(4.99평),"337,000,000","88,342,000",2023-05-16,"<a href=""https://www.dooinauction.com/auction/search/?auction_id=104_20210006768_001"">link</a>",10,8.41,0.0,4.99
2021 타경 7391,울산 울주군 상북면 산전리 821,129.0830980115,35.59953704723,전,토지 1424㎡(430.76평),"673,552,000","330,040,000",2023-05-16,"<a href=""https://www.dooinauction.com/auction/search/?auction_id=D01_20210007391_001"">link</a>",10,0.0,430.76,0.0
2021 타경 8103,울산 울주군 삼동면 조일리 15-15 외 3개 목록,129.13538432152,35.463714954229,목장용지,토지 220752㎡(66777.48평),"1,175,518,500","822,863,000",2023-05-16,"<a href=""https://www.dooinauction.com/auction/search/?auction_id=D01_20210008103_001"">link</a>",10,0.0,66777.48,0.0
2021 타경 8200,경북 영천시 화산면 대안리 1182 외 4개 목록,128.81109148368,36.029644470238,공장,건물 286.4㎡(86.64평) / 토지 1841㎡(556.9평) / 제시외 501.3 ㎡,"236,693,300","236,693,300",2023-05-16,"<a href=""https://www.dooinauction.com/auction/search/?auction_id=701_20210008200_001"">link</a>",10,86.64,556.9,0.0
2021 타경 9038,울산 울주군 두동면 천전리 667-2 외 1개 목록,129.16141048235,35.619403186886,답,토지 2476㎡(748.99평),"226,476,000","110,973,000",2023-05-16,"<a href=""https://www.dooinauction.com/auction/search/?auction_id=D01_20210009038_001"">link</a>",10,0.0,748.99,0.0
2021 타경 9041,광주 북구 신용동 675 광주첨단2지구호반베르디움1단지 108동 13층 1302호,126.86305680093,35.211406926884,아파트,건물 84.98㎡(25.71평) / 대지권 62.7㎡(18.97평),"555,000,000","388,500,000",2023-05-16,"<a href=""https://www.dooinauction.com/auction/search/?auction_id=801_20210009041_001"">link</a>",10,25.71,0.0,18.97
2021 타경 9588,울산 동구 방어동 1117-2 에이원파크빌라 3층 302호,129.41017744701,35.486741402464,다세대/빌라,건물 87.23㎡(26.39평) / 대지권 62.8㎡(19평),"143,000,000","70,070,000",2023-05-16,"<a href=""https://www.dooinauction.com/auction/search/?auction_id=D01_20210009588_001"">link</a>",10,26.39,0.0,0.0
2021 타경 9687,울산 동구 일산동 945 울산일산동테라스파크 1동 1층 비116호,129.42926738077,35.499797097541,근린상가,건물 36.19㎡(10.95평) / 대지권 53.4㎡(16.15평),"287,000,000","140,630,000",2023-05-16,"<a href=""https://www.dooinauction.com/auction/search/?auction_id=D01_20210009687_001"">link</a>",10,10.95,0.0,16.15
2021 타경 9984,울산 동구 화정동 632-4 외 1개 목록,129.4237180685,35.49805387665,근린주택,건물 223.08㎡(67.48평) / 토지 162.9㎡(49.28평) / 제시외 35.3 ㎡,"539,045,060","264,132,000",2023-05-16,"<a href=""https://www.dooinauction.com/auction/search/?auction_id=D01_20210009984_001"">link</a>",10,67.48,49.28,0.0
2021 타경 11926,경기 연천군 백학면 백령리 산 71,126.9010530268,38.064244726373,임야,토지 15868㎡(4800.07평),"125,357,200","61,425,000",2023-05-16,"<a href=""https://www.dooinauction.com/auction/search/?auction_id=106_20210011926_001"">link</a>",10,0.0,4800.07,0.0
2021 타경 11974(3),경북 경주시 강동면 모서리 193,129.25815326822,35.946112904615,전,토지 220.75㎡(66.78평),"14,348,750","2,412,000",2023-05-16,"<a href=""https://www.dooinauction.com/auction/search/?auction_id=702_20210011974_003"">link</a>",10,0.0,66.78,0.0
2021 타경 12165,경기 포천시 영북면 산정리 산 127,127.31032053501,38.056752827354,임야,토지 25983㎡(7859.86평),"181,881,000","127,317,000",2023-05-16,"<a href=""https://www.dooinauction.com/auction/search/?auction_id=106_20210012165_001"">link</a>",10,0.0,7859.86,0.0
2021 타경 12356,경기 남양주시 진접읍 금곡리 655-27 외 3개 목록,127.20140961551,37.72356412624,주택,건물 89.73㎡(27.14평) / 토지 567㎡(171.52평) / 제시외 35.65 ㎡,"699,371,880","489,560,000",2023-05-16,"<a href=""https://www.dooinauction.com/auction/search/?auction_id=106_20210012356_001"">link</a>",10,27.14,171.52,0.0
2021 타경 12400(1),경기 의정부시 금오동 386-42 3층 301호,127.0526782526,37.74829898764,다세대/빌라,건물 57.72㎡(17.46평) / 대지권 35.07㎡(10.61평),"236,000,000","115,640,000",2023-05-16,"<a href=""https://www.dooinauction.com/auction/search/?auction_id=106_20210012400_001"">link</a>",10,17.46,0.0,10.61
2021 타경 12400(2),경기 의정부시 금오동 386-42 3층 302호,127.0526782526,37.74829898764,다세대/빌라,건물 57.72㎡(17.46평) / 대지권 35.07㎡(10.61평),"236,000,000","115,640,000",2023-05-16,"<a href=""https://www.dooinauction.com/auction/search/?auction_id=106_20210012400_002"">link</a>",10,17.46,0.0,10.61
2021 타경 12400(4),경기 의정부시 금오동 386-42 4층 402호,127.0526782526,37.74829898764,다세대/빌라,건물 46.59㎡(14.09평) / 대지권 28.31㎡(8.56평),"174,000,000","85,260,000",2023-05-16,"<a href=""https://www.dooinauction.com/auction/search/?auction_id=106_20210012400_004"">link</a>",10,14.09,0.0,8.56
2021 타경 12786,경북 경주시 동천동 783 보우아파트 532동 3층 311호,129.22705968294,35.855317187187,아파트,건물 65.13㎡(19.7평) / 대지권 32.3㎡(9.77평),"59,000,000","59,000,000",2023-05-16,"<a href=""https://www.dooinauction.com/auction/search/?auction_id=702_20210012786_001"">link</a>",10,19.7,0.0,9.77
2021 타경 13505(1),경북 경주시 건천읍 건천리 236-3 청우아파트 3동 4층 403호,129.10360673429,35.851467967303,아파트,건물 57.62㎡(17.43평) / 대지권 40.41㎡(12.22평),"69,000,000","33,810,000",2023-05-16,"<a href=""https://www.dooinauction.com/auction/search/?auction_id=702_20210013505_001"">link</a>",10,17.43,0.0,12.22
2021 타경 13505(2),경북 경주시 건천읍 조전리 437-2,129.1011891124,35.837457453945,대지,토지 317㎡(95.89평),"64,985,000","45,490,000",2023-05-16,"<a href=""https://www.dooinauction.com/auction/search/?auction_id=702_20210013505_002"">link</a>",10,0.0,95.89,0.0
2021 타경 13741,경북 경주시 천북면 물천리 산 68,129.3050229675,35.87883536065,임야,토지 58314㎡(17639.99평),"239,087,400","82,007,000",2023-05-16,"<a href=""https://www.dooinauction.com/auction/search/?auction_id=702_20210013741_001"">link</a>",10,0.0,17639.99,0.0
2021 타경 13994,경북 경주시 강동면 인동리 343-2,129.26565528135,35.992499407964,전,토지 618㎡(186.95평),"53,766,000","9,036,000",2023-05-16,"<a href=""https://www.dooinauction.com/auction/search/?auction_id=702_20210013994_001"">link</a>",10,0.0,186.95,0.0
2021 타경 18354(1),충남 보령시 대천동 324-4 롯데시네마7 1층 1-214호,126.5928796332,36.349616685864,근린상가,건물 8.61㎡(2.6평) / 대지권 4.9㎡(1.48평),"67,000,000","16,087,000",2023-05-16,"<a href=""https://www.dooinauction.com/auction/search/?auction_id=405_20210018354_001"">link</a>",10,2.6,0.0,1.48
2021 타경 18354(2),충남 보령시 대천동 324-4 롯데시네마7 1층 119호,126.5928796332,36.349616685864,근린상가,건물 5.46㎡(1.65평) / 대지권 3.1㎡(0.94평),"44,000,000","10,564,000",2023-05-16,"<a href=""https://www.dooinauction.com/auction/search/?auction_id=405_20210018354_002"">link</a>",10,1.65,0.0,0.94
2021 타경 18354(3),충남 보령시 대천동 324-4 롯데시네마7 1층 118호,126.5928796332,36.349616685864,근린상가,건물 7.76㎡(2.35평) / 대지권 4.4㎡(1.33평),"63,000,000","15,126,000",2023-05-16,"<a href=""https://www.dooinauction.com/auction/search/?auction_id=405_20210018354_003"">link</a>",10,2.35,0.0,1.33
2021 타경 18354(4),충남 보령시 대천동 324-4 롯데시네마7 1층 1-213호,126.5928796332,36.349616685864,근린상가,건물 8.61㎡(2.6평) / 대지권 4.9㎡(1.48평),"65,000,000","15,607,000",2023-05-16,"<a href=""https://www.dooinauction.com/auction/search/?auction_id=405_20210018354_004"">link</a>",10,2.6,0.0,1.48
2021 타경 26200,제주 제주시 조천읍 조천리 2453-1 외 1개 목록,126.63531122345,33.537985901566,주택,건물 137.6㎡(41.62평) / 토지 664㎡(200.86평) / 제시외 109.2 ㎡,"570,995,500","570,995,500",2023-05-16,"<a href=""https://www.dooinauction.com/auction/search/?auction_id=901_20210026200_001"">link</a>",10,41.62,200.86,0.0
2021 타경 26422,제주 서귀포시 표선면 성읍리 2310-17,126.7864948543,33.388882563777,도로,토지 68㎡(20.57평),"8,296,000","1,992,000",2023-05-16,"<a href=""https://www.dooinauction.com/auction/search/?auction_id=901_20210026422_001"">link</a>",10,0.0,20.57,0.0
2021 타경 33111,대구 달성군 하빈면 하산리 947-107 외 2개 목록,128.40675430968,35.880842956552,공장,건물 303.5㎡(91.81평) / 토지 1557㎡(470.99평) / 제시외 20.2 ㎡,"1,075,419,000","752,793,000",2023-05-16,"<a href=""https://www.dooinauction.com/auction/search/?auction_id=709_20210033111_001"">link</a>",10,91.81,470.99,0.0
2021 타경 35870,경기 부천시 역곡동 46-13 남영라끄빌 가동 2층 202호,126.80581429542,37.484257469448,다세대/빌라,건물 56.28㎡(17.02평) / 대지권 31.7㎡(9.59평),"225,000,000","26,471,000",2023-05-16,"<a href=""https://www.dooinauction.com/auction/search/?auction_id=202_20210035870_001"">link</a>",10,17.02,0.0,9.59
2021 타경 36897,경기 부천시 도당동 53-18 마메든1동 5층 503호,126.78845152917,37.517468321813,다세대/빌라,건물 54.68㎡(16.54평) / 대지권 27.4㎡(8.29평),"250,000,000","29,413,000",2023-05-16,"<a href=""https://www.dooinauction.com/auction/search/?auction_id=202_20210036897_001"">link</a>",10,16.54,0.0,8.29
2021 타경 40179,경기 부천시 고강동 303-3 녹십초아트빌 3층 302호,126.81290811304,37.523340606162,다세대/빌라,건물 33.86㎡(10.24평) / 대지권 18㎡(5.45평),"127,000,000","14,942,000",2023-05-16,"<a href=""https://www.dooinauction.com/auction/search/?auction_id=202_20210040179_001"">link</a>",10,10.24,0.0,5.45
2021 타경 40926,경기 부천시 원미동 108-5 화인캐슬 6층 601호,126.78606238406,37.493777173831,다세대/빌라,건물 39.63㎡(11.99평) / 대지권 21㎡(6.35평),"160,000,000","18,824,000",2023-05-16,"<a href=""https://www.dooinauction.com/auction/search/?auction_id=202_20210040926_001"">link</a>",10,11.99,0.0,6.35
2021 타경 53722,경기 안산시 단원구 신길동 1047-2 외 1개 목록,126.77202995946,37.326295384236,공장,건물 6171.31㎡(1866.82평) / 토지 2526.4㎡(764.24평) / 제시외 257.3 ㎡,"7,359,208,690","7,359,208,690",2023-05-16,"<a href=""https://www.dooinauction.com/auction/search/?auction_id=305_20210053722_001"">link</a>",10,1866.82,764.24,0.0
2021 타경 56419,충남 태안군 고남면 누동리 1033-3,126.40226279343,36.443141383992,전,토지 2668㎡(807.07평),"160,079,400","112,056,000",2023-05-16,"<a href=""https://www.dooinauction.com/auction/search/?auction_id=404_20210056419_001"">link</a>",10,0.0,807.07,0.0
2021 타경 56857,부산 금정구 회동동 414-6 외 1개 목록,129.11911510266,35.229396729506,답,토지 32㎡(9.68평),"17,630,600","11,283,000",2023-05-16,"<a href=""https://www.dooinauction.com/auction/search/?auction_id=601_20210056857_001"">link</a>",10,0.0,9.68,0.0
2021 타경 58727,경기 안산시 상록구 본오동 739-4 삼익한마을맨션103동 4층 402호,126.87701269995,37.293822812771,다세대/빌라,건물 59.99㎡(18.15평) / 대지권 30.1㎡(9.11평),"141,000,000","11,612,000",2023-05-16,"<a href=""https://www.dooinauction.com/auction/search/?auction_id=305_20210058727_001"">link</a>",10,18.15,0.0,9.11
2021 타경 66700,경기 용인시 수지구 동천동 176-1 용인수지2차풍림아파트 202동 13층 1303호,127.10025374434,37.341645796142,아파트,건물 114.51㎡(34.64평) / 대지권 52.46㎡(15.87평),"881,000,000","431,690,000",2023-05-16,"<a href=""https://www.dooinauction.com/auction/search/?auction_id=301_20210066700_001"">link</a>",10,34.64,0.0,15.87
2021 타경 67481(2),광주 북구 운암동 425-3 1동 2층 202호,126.89187251381,35.170282136072,다세대/빌라,건물 69.52㎡(21.03평) / 대지권 51.49㎡(15.58평),"250,000,000","36,700,000",2023-05-16,"<a href=""https://www.dooinauction.com/auction/search/?auction_id=801_20210067481_002"">link</a>",10,21.03,0.0,15.58
2021 타경 67481(4),광주 북구 운암동 425-3 1동 4층 402호,126.89187251381,35.170282136072,다세대/빌라,건물 69.52㎡(21.03평) / 대지권 51.49㎡(15.58평),"250,000,000","57,344,000",2023-05-16,"<a href=""https://www.dooinauction.com/auction/search/?auction_id=801_20210067481_004"">link</a>",10,21.03,0.0,15.58
2021 타경 67816,경기 고양시 덕양구 벽제동 29-14,126.9206827393,37.719207603197,전,토지 31.43㎡(9.51평),"10,026,170","7,018,000",2023-05-16,"<a href=""https://www.dooinauction.com/auction/search/?auction_id=107_20210067816_001"">link</a>",10,0.0,9.51,0.0
2021 타경 68737,경기 화성시 봉담읍 동화리 431-25 5층 501호,126.95401175391,37.218830242988,다세대/빌라,건물 39.71㎡(12.01평) / 대지권 26.9㎡(8.14평),"158,000,000","26,555,000",2023-05-16,"<a href=""https://www.dooinauction.com/auction/search/?auction_id=301_20210068737_001"">link</a>",10,12.01,0.0,8.14
2021 타경 69487,광주 북구 두암동 329 반석힐라 101동 1층 115호,126.92959829918,35.1668491708,아파트,건물 31.77㎡(9.61평) / 대지권 26.4㎡(7.99평),"54,000,000","5,074,000",2023-05-16,"<a href=""https://www.dooinauction.com/auction/search/?auction_id=801_20210069487_001"">link</a>",10,9.61,0.0,7.99
2021 타경 70726(2),경북 예천군 호명면 백송리 16-2,128.46356363771,36.586336966878,답,토지 197.28㎡(59.68평),"19,136,160","4,595,000",2023-05-16,"<a href=""https://www.dooinauction.com/auction/search/?auction_id=704_20210070726_002"">link</a>",10,0.0,59.68,0.0
2021 타경 71682(1),경북 예천군 풍양면 공덕리 432,128.30565062781,36.502993914774,전,토지 426㎡(128.87평),"12,780,000","6,262,000",2023-05-16,"<a href=""https://www.dooinauction.com/auction/search/?auction_id=704_20210071682_001"">link</a>",10,0.0,128.87,0.0
2021 타경 72005(1),경북 예천군 보문면 신월리 529 외 5개 목록,128.49613698848,36.666554636404,전,토지 384.95㎡(116.45평),"15,317,200","3,678,000",2023-05-16,"<a href=""https://www.dooinauction.com/auction/search/?auction_id=704_20210072005_001"">link</a>",10,0.0,116.45,0.0
2021 타경 72029(2),경북 상주시 복룡동 486 새빛힐즈2차 5층 501호,128.16319565767,36.419734137584,아파트,건물 78.82㎡(23.84평) / 대지권 42.16㎡(12.75평),"212,000,000","12,221,000",2023-05-16,"<a href=""https://www.dooinauction.com/auction/search/?auction_id=704_20210072029_002"">link</a>",10,23.84,0.0,12.75
2021 타경 74114,경기 수원시 권선구 세류동 484-13 비동 지하 1층 비01호,127.01177483942,37.261352720193,다세대/빌라,건물 53.73㎡(16.25평) / 대지권 26.76㎡(8.09평),"93,000,000","65,100,000",2023-05-16,"<a href=""https://www.dooinauction.com/auction/search/?auction_id=301_20210074114_001"">link</a>",10,16.25,0.0,8.09
2021 타경 80250,경기 남양주시 별내동 899 모아미래도아파트 2306동 5층 503호,127.12728411809,37.662307208889,아파트,건물 84.98㎡(25.71평) / 대지권 53.1㎡(16.06평),"772,000,000","772,000,000",2023-05-16,"<a href=""https://www.dooinauction.com/auction/search/?auction_id=106_20210080250_001"">link</a>",10,25.71,0.0,16.06
2021 타경 90066,경기 가평군 조종면 신하리 366-5,127.36173809909,37.83627044313,답,토지 2713㎡(820.68평),"393,385,000","275,370,000",2023-05-16,"<a href=""https://www.dooinauction.com/auction/search/?auction_id=106_20210090066_001"">link</a>",10,0.0,820.68,0.0
2021 타경 90448(1),경기 연천군 전곡읍 전곡리 423-24 101동 2층 203호,127.07311133001,38.033112551014,다세대/빌라,건물 42.9㎡(12.98평) / 대지권 47.2㎡(14.28평),"155,000,000","53,165,000",2023-05-16,"<a href=""https://www.dooinauction.com/auction/search/?auction_id=106_20210090448_001"">link</a>",10,12.98,0.0,14.28
2021 타경 90448(2),경기 연천군 전곡읍 전곡리 423-33 104동 2층 201호,127.07360850196,38.033319723652,다세대/빌라,건물 51.62㎡(15.62평) / 대지권 54.6㎡(16.52평),"186,000,000","63,798,000",2023-05-16,"<a href=""https://www.dooinauction.com/auction/search/?auction_id=106_20210090448_002"">link</a>",10,15.62,0.0,16.52
2021 타경 90448(4),경기 연천군 전곡읍 전곡리 423-33 105동 2층 201호,127.07360850196,38.033319723652,다세대/빌라,건물 51.62㎡(15.62평) / 대지권 54.6㎡(16.52평),"186,000,000","63,798,000",2023-05-16,"<a href=""https://www.dooinauction.com/auction/search/?auction_id=106_20210090448_004"">link</a>",10,15.62,0.0,16.52
2021 타경 101216,서울 중구 을지로6가 18-185 밀리오레 9층 155호 외 2개 목록,127.00831039162,37.568322304142,근린상가,건물 7.26㎡(2.2평),"45,000,000","9,438,000",2023-05-16,"<a href=""https://www.dooinauction.com/auction/search/?auction_id=101_20210101216_001"">link</a>",10,2.2,0.0,0.0
2021 타경 101681,서울 동작구 상도동 210-172 상도젠트리하임 2층 201호,126.94226615087,37.497818400301,다세대/빌라,건물 30.69㎡(9.28평) / 대지권 18.3㎡(5.54평),"252,000,000","27,058,000",2023-05-16,"<a href=""https://www.dooinauction.com/auction/search/?auction_id=101_20210101681_001"">link</a>",10,9.28,0.0,5.54
2021 타경 104321(1),서울 종로구 인의동 48-2 효성주얼리시티 지하 2층 에스에프지2005호,126.99866664524,37.571482920688,근린상가,건물 29.54㎡(8.94평) / 대지권 7.9㎡(2.39평),"254,000,000","83,230,000",2023-05-16,"<a href=""https://www.dooinauction.com/auction/search/?auction_id=101_20210104321_001"">link</a>",10,8.94,0.0,2.39
2021 타경 104321(2),서울 종로구 인의동 48-2 효성주얼리시티 지하 2층 에스지2035호,126.99866664524,37.571482920688,근린상가,건물 42.89㎡(12.97평) / 대지권 11.4㎡(3.45평),"361,000,000","75,707,000",2023-05-16,"<a href=""https://www.dooinauction.com/auction/search/?auction_id=101_20210104321_002"">link</a>",10,12.97,0.0,3.45
2021 타경 104321(3),서울 종로구 인의동 48-2 효성주얼리시티 지하 2층 에스지2036호,126.99866664524,37.571482920688,근린상가,건물 42.89㎡(12.97평) / 대지권 11.4㎡(3.45평),"361,000,000","75,707,000",2023-05-16,"<a href=""https://www.dooinauction.com/auction/search/?auction_id=101_20210104321_003"">link</a>",10,12.97,0.0,3.45
2021 타경 104321(4),서울 종로구 인의동 48-2 효성주얼리시티 지하 2층 에스지2037호,126.99866664524,37.571482920688,근린상가,건물 43.34㎡(13.11평) / 대지권 11.6㎡(3.51평),"365,000,000","76,546,000",2023-05-16,"<a href=""https://www.dooinauction.com/auction/search/?auction_id=101_20210104321_004"">link</a>",10,13.11,0.0,3.51
2021 타경 104321(5),서울 종로구 인의동 48-2 효성주얼리시티 1층 제이1048호,126.99866664524,37.571482920688,근린상가,건물 8.42㎡(2.55평) / 대지권 2.25㎡(0.68평),"327,000,000","68,577,000",2023-05-16,"<a href=""https://www.dooinauction.com/auction/search/?auction_id=101_20210104321_005"">link</a>",10,2.55,0.0,0.68
2021 타경 104344,대구 북구 구암동 695-3 칠곡청구타운 102동 15층 1507호,128.55917559842,35.928967420939,아파트,건물 59.34㎡(17.95평) / 대지권 34.5㎡(10.44평),"163,000,000","13,424,000",2023-05-16,"<a href=""https://www.dooinauction.com/auction/search/?auction_id=701_20210104344_001"">link</a>",10,17.95,0.0,10.44
2021 타경 104970,서울 동작구 상도동 201-58 다원씨앤아이 1층 102호,126.94090862327,37.500738700775,다세대/빌라,건물 30.97㎡(9.37평) / 대지권 18.65㎡(5.64평),"170,000,000","35,652,000",2023-05-16,"<a href=""https://www.dooinauction.com/auction/search/?auction_id=101_20210104970_001"">link</a>",10,9.37,0.0,5.64
2021 타경 105400,울산 남구 장생포동 292 외 2개 목록,129.37244648675,35.506266807964,전,토지 6636㎡(2007.39평),"2,174,160,000","1,521,912,000",2023-05-16,"<a href=""https://www.dooinauction.com/auction/search/?auction_id=D01_20210105400_001"">link</a>",10,0.0,2007.39,0.0
2021 타경 106241,서울 도봉구 쌍문동 286 드림 2층 202호,127.02443547413,37.650968630002,다세대/빌라,건물 52.41㎡(15.85평) / 대지권 32.49㎡(9.83평),"271,000,000","271,000,000",2023-05-16,"<a href=""https://www.dooinauction.com/auction/search/?auction_id=105_20210106241_001"">link</a>",10,15.85,0.0,9.83
2021 타경 106266,서울 동작구 상도동 208-28 더포레스트3차 4층 403호,126.94320500588,37.499145857392,다세대/빌라,건물 47.63㎡(14.41평) / 대지권 29.9㎡(9.04평),"321,000,000","67,319,000",2023-05-16,"<a href=""https://www.dooinauction.com/auction/search/?auction_id=101_20210106266_001"">link</a>",10,14.41,0.0,9.04
2021 타경 106778,서울 관악구 신림동 652-10 라임카운티 4층 502호,126.92396707772,37.467369447442,다세대/빌라,건물 28.52㎡(8.63평) / 대지권 26.9㎡(8.14평),"317,000,000","66,479,000",2023-05-16,"<a href=""https://www.dooinauction.com/auction/search/?auction_id=101_20210106778_001"">link</a>",10,8.63,0.0,8.14
2021 타경 108063,서울 성북구 정릉동 559-43 3층 301호,127.00970598869,37.59917157796,다세대/빌라,건물 43.46㎡(13.15평) / 대지권 26.5㎡(8.02평),"274,000,000","29,421,000",2023-05-16,"<a href=""https://www.dooinauction.com/auction/search/?auction_id=105_20210108063_001"">link</a>",10,13.15,0.0,8.02
2021 타경 109110(1),서울 강북구 수유동 519-1 예움하우스 4층 402호,127.01203795223,37.638646437363,다세대/빌라,건물 27.87㎡(8.43평) / 대지권 22.67㎡(6.86평),"215,000,000","28,857,000",2023-05-16,"<a href=""https://www.dooinauction.com/auction/search/?auction_id=105_20210109110_001"">link</a>",10,8.43,0.0,6.86
2021 타경 109110(2),서울 도봉구 방학동 693-29 더블루스카이 5층 502호,127.03533423586,37.663266616464,다세대/빌라,건물 29.98㎡(9.07평) / 대지권 18.11㎡(5.48평) / 제시외 7 ㎡,"223,000,000","29,930,000",2023-05-16,"<a href=""https://www.dooinauction.com/auction/search/?auction_id=105_20210109110_002"">link</a>",10,9.07,0.0,5.48
2021 타경 109631,울산 동구 화정동 949 힐스테이트이스턴베이 115동 20층 2001호,129.42368314104,35.49227212362,아파트,건물 68.92㎡(20.85평) / 대지권 33.6㎡(10.16평),"383,000,000","187,670,000",2023-05-16,"<a href=""https://www.dooinauction.com/auction/search/?auction_id=D01_20210109631_001"">link</a>",10,20.85,0.0,10.16
2021 타경 110181,울산 울주군 범서읍 천상리 657-4 1동 2층 202호,129.22332239467,35.56126580547,다세대/빌라,건물 59.47㎡(17.99평) / 대지권 42.7㎡(12.92평),"153,000,000","74,970,000",2023-05-16,"<a href=""https://www.dooinauction.com/auction/search/?auction_id=D01_20210110181_001"">link</a>",10,17.99,0.0,12.92
2021 타경 110256(7),충남 천안시 서북구 성정동 1323 프라지움8차 2층 201호,127.14170720595,36.829723465717,오피스텔,건물 35.77㎡(10.82평) / 대지권 6.2㎡(1.88평),"121,000,000","59,290,000",2023-05-16,"<a href=""https://www.dooinauction.com/auction/search/?auction_id=402_20210110256_007"">link</a>",10,10.82,0.0,1.88
2021 타경 110256(10),충남 천안시 서북구 성정동 1270 프라지움6차 2층 213호,127.13819520336,36.829940441063,오피스텔,건물 38.7㎡(11.71평) / 대지권 6.2㎡(1.88평),"116,000,000","56,840,000",2023-05-16,"<a href=""https://www.dooinauction.com/auction/search/?auction_id=402_20210110256_010"">link</a>",10,11.71,0.0,1.88
2021 타경 110341,울산 남구 야음동 911 대현더샵 101동 4층 401호,129.32703811242,35.525400654174,아파트,건물 84.91㎡(25.69평) / 대지권 51.8㎡(15.67평),"933,000,000","653,100,000",2023-05-16,"<a href=""https://www.dooinauction.com/auction/search/?auction_id=D01_20210110341_001"">link</a>",10,25.69,0.0,15.67
2021 타경 110648,경남 양산시 평산동 83-2 장원하이드파크 12층 1213호,129.15143459094,35.383572806752,아파트,건물 55.11㎡(16.67평) / 대지권 11.2㎡(3.39평),"116,000,000","81,200,000",2023-05-16,"<a href=""https://www.dooinauction.com/auction/search/?auction_id=D01_20210110648_001"">link</a>",10,16.67,0.0,3.39
2021 타경 110707,서울 도봉구 도봉동 634-6 다이아포레 5층 501호,127.04684874856,37.672191591142,다세대/빌라,건물 36.19㎡(10.95평) / 대지권 17.6㎡(5.32평),"300,000,000","50,331,000",2023-05-16,"<a href=""https://www.dooinauction.com/auction/search/?auction_id=105_20210110707_001"">link</a>",10,10.95,0.0,5.32
2021 타경 111764,경남 양산시 물금읍 범어리 502-3 양산군근로자복지주택 101동 6층 609호,129.00870326022,35.334638114095,아파트,건물 19.9㎡(6.02평) / 대지권 22.57㎡(6.83평),"64,000,000","31,360,000",2023-05-16,"<a href=""https://www.dooinauction.com/auction/search/?auction_id=D01_20210111764_001"">link</a>",10,6.02,0.0,6.83
2021 타경 111779,대구 북구 국우동 1110 그린빌1 102동 15층 1503호,128.57870144412,35.949048743558,아파트,건물 59.39㎡(17.97평) / 대지권 36㎡(10.89평),"163,000,000","163,000,000",2023-05-16,"<a href=""https://www.dooinauction.com/auction/search/?auction_id=701_20210111779_001"">link</a>",10,17.97,0.0,10.89
2021 타경 111929,서울 금천구 시흥동 3-75 서래하우스102동 5층 502호,126.91120166071,37.461911949084,다세대/빌라,건물 25.41㎡(7.69평) / 대지권 34.64㎡(10.48평) / 제시외 29 ㎡,"217,000,000","217,000,000",2023-05-16,"<a href=""https://www.dooinauction.com/auction/search/?auction_id=104_20210111929_001"">link</a>",10,7.69,0.0,10.48
2021 타경 112033,울산 울주군 온산읍 덕신리 278-15 2층 203호,129.3111296838,35.431595871618,다세대/빌라,건물 44.46㎡(13.45평) / 대지권 39.5㎡(11.95평),"37,200,000","18,228,000",2023-05-16,"<a href=""https://www.dooinauction.com/auction/search/?auction_id=D01_20210112033_001"">link</a>",10,13.45,0.0,11.95
2021 타경 112422,울산 동구 방어동 281-1 우성현대아파트 11층 1108호,129.41948971606,35.483524090555,아파트,건물 72.15㎡(21.83평) / 대지권 29.7㎡(8.98평),"128,000,000","62,720,000",2023-05-16,"<a href=""https://www.dooinauction.com/auction/search/?auction_id=D01_20210112422_001"">link</a>",10,21.83,0.0,8.98
2021 타경 112668,울산 울주군 웅촌면 은현리 49-100 비동호 외 4개 목록,129.17888009591,35.474972273616,공장,건물 1344.21㎡(406.62평) / 토지 3068㎡(928.07평) / 제시외 96 ㎡,"1,712,170,395","1,712,170,395",2023-05-16,"<a href=""https://www.dooinauction.com/auction/search/?auction_id=D01_20210112668_001"">link</a>",10,406.62,928.07,0.0
2021 타경 114904,서울 강서구 화곡동 84-11 신하우스 6층 601호,126.84333301706,37.547131455127,다세대/빌라,건물 38.36㎡(11.6평) / 대지권 23.4㎡(7.08평),"430,000,000","90,178,000",2023-05-16,"<a href=""https://www.dooinauction.com/auction/search/?auction_id=104_20210114904_001"">link</a>",10,11.6,0.0,7.08
2021 타경 115440,서울 금천구 가산동 140-9 가산지웰에스테이트 7층 702호,126.89049771558,37.478385678795,아파트,건물 15.96㎡(4.83평) / 대지권 4.1㎡(1.24평),"148,000,000","31,038,000",2023-05-16,"<a href=""https://www.dooinauction.com/auction/search/?auction_id=104_20210115440_001"">link</a>",10,4.83,0.0,1.24
2021 타경 115525(1),서울 금천구 독산동 986-20 독산첼시 제비동 6층 601호,126.90096797179,37.473208527558,다세대/빌라,건물 33.89㎡(10.25평) / 대지권 22.3㎡(6.75평),"278,000,000","72,876,000",2023-05-16,"<a href=""https://www.dooinauction.com/auction/search/?auction_id=104_20210115525_001"">link</a>",10,10.25,0.0,6.75
2021 타경 115525(2),서울 구로구 가리봉동 136-74 리오파크빌 102동 2층 204호,126.89282165896,37.479374864969,다세대/빌라,건물 29.74㎡(9평) / 대지권 21.7㎡(6.56평),"240,000,000","62,914,000",2023-05-16,"<a href=""https://www.dooinauction.com/auction/search/?auction_id=104_20210115525_002"">link</a>",10,0.0,0.0,6.56
2021 타경 115600,서울 구로구 개봉동 321-15 다원아트빌 5층 501호,126.85253812766,37.49301415603,다세대/빌라,건물 43.31㎡(13.1평) / 대지권 26.2㎡(7.93평),"326,000,000","208,640,000",2023-05-16,"<a href=""https://www.dooinauction.com/auction/search/?auction_id=104_20210115600_001"">link</a>",10,13.1,0.0,7.93
2021 타경 115730,서울 강서구 화곡동 471-16 디에스에코타운 104동 2층 202호,126.85711048009,37.53638073136,다세대/빌라,건물 37.1㎡(11.22평) / 대지권 22㎡(6.66평),"185,000,000","38,798,000",2023-05-16,"<a href=""https://www.dooinauction.com/auction/search/?auction_id=104_20210115730_001"">link</a>",10,11.22,0.0,6.66
2021 타경 116054(1),서울 강서구 화곡동 1055-3 그레이스빌 4층 401호,126.84043539037,37.543643685046,다세대/빌라,건물 28.61㎡(8.65평) / 대지권 19.14㎡(5.79평) / 제시외 46.96 ㎡,"242,220,000","155,021,000",2023-05-16,"<a href=""https://www.dooinauction.com/auction/search/?auction_id=104_20210116054_001"">link</a>",10,8.65,0.0,5.79
2021 타경 116054(2),서울 강서구 화곡동 1055-3 그레이스빌 3층 302호,126.84043539037,37.543643685046,다세대/빌라,건물 29.02㎡(8.78평) / 대지권 19.4㎡(5.87평),"211,000,000","135,040,000",2023-05-16,"<a href=""https://www.dooinauction.com/auction/search/?auction_id=104_20210116054_002"">link</a>",10,8.78,0.0,5.87
2021 타경 116054(3),서울 강서구 화곡동 1055-3 그레이스빌 3층 301호,126.84043539037,37.543643685046,다세대/빌라,건물 29.89㎡(9.04평) / 대지권 20㎡(6.05평),"217,000,000","138,880,000",2023-05-16,"<a href=""https://www.dooinauction.com/auction/search/?auction_id=104_20210116054_003"">link</a>",10,9.04,0.0,6.05
2021 타경 116108,서울 금천구 독산동 938-3 힐사이드 3층 301호,126.90709695501,37.467985302905,다세대/빌라,건물 27.09㎡(8.19평) / 대지권 21.6㎡(6.53평),"213,000,000","55,837,000",2023-05-16,"<a href=""https://www.dooinauction.com/auction/search/?auction_id=104_20210116108_001"">link</a>",10,8.19,0.0,6.53
2021 타경 116511,서울 강서구 화곡동 1041-16 더누림 2층 204호,126.83416950491,37.542119482185,다세대/빌라,건물 29.56㎡(8.94평) / 대지권 18.26㎡(5.52평),"263,000,000","68,944,000",2023-05-16,"<a href=""https://www.dooinauction.com/auction/search/?auction_id=104_20210116511_001"">link</a>",10,8.94,0.0,5.52
2021 타경 116528,서울 강서구 화곡동 98-81 라뜰리에 5층 501호,126.8445703645,37.5422027368,다세대/빌라,건물 29.91㎡(9.05평) / 대지권 19.79㎡(5.99평),"290,000,000","76,022,000",2023-05-16,"<a href=""https://www.dooinauction.com/auction/search/?auction_id=104_20210116528_001"">link</a>",10,9.05,0.0,5.99
2021 타경 116726,서울 강서구 화곡동 332-16 씨티하우스 2층 203호,126.84722723341,37.53586524104,다세대/빌라,건물 27.41㎡(8.29평) / 대지권 15.32㎡(4.63평),"251,000,000","82,248,000",2023-05-16,"<a href=""https://www.dooinauction.com/auction/search/?auction_id=104_20210116726_001"">link</a>",10,8.29,0.0,4.63
2021 타경 116818,서울 강서구 화곡동 408-86 우성 102동 2층 202호,126.84537257048,37.53811775891,다세대/빌라,건물 46.73㎡(14.14평) / 대지권 29.21㎡(8.84평),"306,000,000","100,270,000",2023-05-16,"<a href=""https://www.dooinauction.com/auction/search/?auction_id=104_20210116818_001"">link</a>",10,14.14,0.0,8.84
2021 타경 116825,서울 강서구 화곡동 360-2 덕용팰리체 5층 501호,126.83711474883,37.53271255208,다세대/빌라,건물 25.23㎡(7.63평) / 대지권 15.16㎡(4.59평),"262,000,000","85,852,000",2023-05-16,"<a href=""https://www.dooinauction.com/auction/search/?auction_id=104_20210116825_001"">link</a>",10,7.63,0.0,4.59
2021 타경 116993,서울 강서구 화곡동 869-35 와이앤비 2층 202호,126.85358247893,37.532583830202,다세대/빌라,건물 20.65㎡(6.25평) / 대지권 14.6㎡(4.42평),"190,000,000","62,259,000",2023-05-16,"<a href=""https://www.dooinauction.com/auction/search/?auction_id=104_20210116993_001"">link</a>",10,6.25,0.0,4.42
2021 타경 117163,서울 강서구 화곡동 360-2 덕용팰리체 4층 401호,126.83711474883,37.53271255208,다세대/빌라,건물 25.23㎡(7.63평) / 대지권 15.2㎡(4.6평),"271,000,000","88,802,000",2023-05-16,"<a href=""https://www.dooinauction.com/auction/search/?auction_id=104_20210117163_001"">link</a>",10,7.63,0.0,4.6
2021 타경 117187,서울 강서구 화곡동 937-12 미리내오피스텔 3층 304호,126.83928995756,37.52933759139,오피스텔,건물 19.69㎡(5.96평) / 대지권 5.6㎡(1.69평),"235,000,000","77,005,000",2023-05-16,"<a href=""https://www.dooinauction.com/auction/search/?auction_id=104_20210117187_001"">link</a>",10,5.96,0.0,1.69
2021 타경 517003,인천 미추홀구 숭의동 331-6,126.64434641649,37.459564053705,대지,토지 165.2㎡(49.97평),"553,420,000","271,176,000",2023-05-16,"<a href=""https://www.dooinauction.com/auction/search/?auction_id=201_20210517003_001"">link</a>",10,0.0,49.97,0.0
2022 타경 157(1),강원 정선군 화암면 화암리 322,128.79616488039,37.339291603031,전,토지 265㎡(80.16평),"12,985,000","2,183,000",2023-05-16,"<a href=""https://www.dooinauction.com/auction/search/?auction_id=505_20220000157_001"">link</a>",10,0.0,80.16,0.0
2022 타경 157(2),강원 정선군 화암면 화암리 322-2,128.79670965021,37.339651891755,대지,토지 116㎡(35.09평),"11,716,000","2,813,000",2023-05-16,"<a href=""https://www.dooinauction.com/auction/search/?auction_id=505_20220000157_002"">link</a>",10,0.0,35.09,0.0
2022 타경 176,경기 가평군 설악면 위곡리 485-17 외 2개 목록,127.52057826513,37.662767990944,대지,토지 165㎡(49.91평),"24,134,000","11,826,000",2023-05-16,"<a href=""https://www.dooinauction.com/auction/search/?auction_id=106_20220000176_001"">link</a>",10,0.0,49.91,0.0
2022 타경 353,경북 경주시 동방동 비룡벨로스텔라2차 6층 603호 외 1개 목록,129.26132108573,35.810419306669,오피스텔,건물 79.3㎡(23.99평) / 대지권 57.99㎡(17.54평),"207,000,000","71,001,000",2023-05-16,"<a href=""https://www.dooinauction.com/auction/search/?auction_id=702_20220000353_001"">link</a>",10,23.99,0.0,17.54
2022 타경 469(1),경북 경주시 탑동 370-5,129.20697524614,35.817339870802,답,토지 745㎡(225.36평),"74,500,000","74,500,000",2023-05-16,"<a href=""https://www.dooinauction.com/auction/search/?auction_id=702_20220000469_001"">link</a>",10,0.0,225.36,0.0
2022 타경 469(2),경북 경주시 탑동 370-6,129.20721967349,35.817421521002,답,토지 1267㎡(383.27평),"126,700,000","126,700,000",2023-05-16,"<a href=""https://www.dooinauction.com/auction/search/?auction_id=702_20220000469_002"">link</a>",10,0.0,383.27,0.0
2022 타경 489(1),울산 동구 일산동 979-6 외 1개 목록,129.43296066611,35.491414931757,근린시설,건물 1168.64㎡(353.51평) / 토지 1172.6㎡(354.71평),"3,290,729,200","2,303,510,000",2023-05-16,"<a href=""https://www.dooinauction.com/auction/search/?auction_id=D01_20220000489_001"">link</a>",10,353.51,354.71,0.0
2022 타경 489(2),울산 동구 방어동 267-1 외 2개 목록,129.42180424068,35.483678209689,다가구 주택,건물 425.17㎡(128.61평) / 토지 208㎡(62.92평),"853,077,200","597,154,000",2023-05-16,"<a href=""https://www.dooinauction.com/auction/search/?auction_id=D01_20220000489_002"">link</a>",10,128.61,62.92,0.0
2022 타경 526(2),경북 문경시 창동 58-34,128.1967137134,36.633860765433,답,토지 626.09㎡(189.39평),"46,330,660","22,702,000",2023-05-16,"<a href=""https://www.dooinauction.com/auction/search/?auction_id=704_20220000526_002"">link</a>",10,0.0,189.39,0.0
2022 타경 569,대구 달성군 옥포읍 김흥리 609,128.48920753115,35.741395486002,전,토지 2493㎡(754.13평),"1,024,623,000","717,236,000",2023-05-16,"<a href=""https://www.dooinauction.com/auction/search/?auction_id=709_20220000569_001"">link</a>",10,0.0,754.13,0.0
2022 타경 591,강원 영월군 영월읍 영흥리 882-6 비동 2층 201호,128.47459726255,37.185937517423,다세대/빌라,건물 82.48㎡(24.95평) / 대지권 66.83㎡(20.22평),"175,000,000","85,750,000",2023-05-16,"<a href=""https://www.dooinauction.com/auction/search/?auction_id=505_20220000591_001"">link</a>",10,24.95,0.0,20.22
2022 타경 595(2),경북 상주시 낙동면 상촌리 산 57,128.26586082459,36.372626636168,임야,토지 10413.25㎡(3150.01평),"38,653,000","18,940,000",2023-05-16,"<a href=""https://www.dooinauction.com/auction/search/?auction_id=704_20220000595_002"">link</a>",10,0.0,3150.01,0.0
2022 타경 618,경북 상주시 신봉동 534-4 외 4개 목록,128.14981551467,36.398243762503,근린시설,건물 407.5㎡(123.27평) / 토지 1619㎡(489.75평),"1,213,587,500","1,213,587,500",2023-05-16,"<a href=""https://www.dooinauction.com/auction/search/?auction_id=704_20220000618_001"">link</a>",10,123.27,489.75,0.0
2022 타경 625,울산 울주군 범서읍 천상리 652 청구제네스 102동 6층 602호,129.22453831686,35.56141862552,아파트,건물 84.94㎡(25.69평),"250,000,000","175,000,000",2023-05-16,"<a href=""https://www.dooinauction.com/auction/search/?auction_id=D01_20220000625_001"">link</a>",10,25.69,0.0,0.0
2022 타경 632(1),경북 문경시 산북면 지내리 41,128.32476407043,36.65337459972,답,토지 1094㎡(330.94평),"22,974,000","16,082,000",2023-05-16,"<a href=""https://www.dooinauction.com/auction/search/?auction_id=704_20220000632_001"">link</a>",10,0.0,330.94,0.0
2022 타경 632(2),경북 문경시 산북면 지내리 42,128.32463060619,36.653698034842,답,토지 694㎡(209.94평),"14,782,200","10,348,000",2023-05-16,"<a href=""https://www.dooinauction.com/auction/search/?auction_id=704_20220000632_002"">link</a>",10,0.0,209.94,0.0
2022 타경 632(3),경북 문경시 산북면 지내리 45,128.3241714312,36.653567620911,답,토지 1716㎡(519.09평),"36,036,000","25,225,000",2023-05-16,"<a href=""https://www.dooinauction.com/auction/search/?auction_id=704_20220000632_003"">link</a>",10,0.0,519.09,0.0
2022 타경 632(4),경북 문경시 산북면 지내리 46-1,128.32419971137,36.653286084001,답,토지 1203㎡(363.91평),"25,263,000","17,684,000",2023-05-16,"<a href=""https://www.dooinauction.com/auction/search/?auction_id=704_20220000632_004"">link</a>",10,0.0,363.91,0.0
2022 타경 632(5),경북 문경시 산북면 지내리 46-2,128.32412055824,36.652719292902,전,토지 3094㎡(935.94평),"56,001,400","39,201,000",2023-05-16,"<a href=""https://www.dooinauction.com/auction/search/?auction_id=704_20220000632_005"">link</a>",10,0.0,935.94,0.0
2022 타경 632(6),경북 문경시 산북면 지내리 47,128.32469063842,36.65313546285,답,토지 1788㎡(540.87평),"37,548,000","26,284,000",2023-05-16,"<a href=""https://www.dooinauction.com/auction/search/?auction_id=704_20220000632_006"">link</a>",10,0.0,540.87,0.0
2022 타경 632(7),경북 문경시 산북면 지내리 48,128.32472543306,36.652744734346,답,토지 1620㎡(490.05평),"37,098,000","25,969,000",2023-05-16,"<a href=""https://www.dooinauction.com/auction/search/?auction_id=704_20220000632_007"">link</a>",10,0.0,490.05,0.0
2022 타경 638,광주 동구 금남로5가 74-13 외 1개 목록,126.91242419902,35.153573570128,주택,건물 64.13㎡(19.4평) / 토지 142.1㎡(42.99평) / 제시외 15.3 ㎡,"249,749,230","111,887,000",2023-05-16,"<a href=""https://www.dooinauction.com/auction/search/?auction_id=801_20220000638_001"">link</a>",10,19.4,42.99,0.0
2022 타경 668,대구 달성군 화원읍 본리리 1104-2,128.531530292,35.776222344815,답,토지 602㎡(182.11평),"36,120,000","12,389,000",2023-05-16,"<a href=""https://www.dooinauction.com/auction/search/?auction_id=709_20220000668_001"">link</a>",10,0.0,182.11,0.0
2022 타경 670(2),경북 상주시 낙동면 화산리 1707,128.25303828176,36.386609942909,답,토지 1847.7㎡(558.93평),"65,593,350","45,915,000",2023-05-16,"<a href=""https://www.dooinauction.com/auction/search/?auction_id=704_20220000670_002"">link</a>",10,0.0,558.93,0.0
2022 타경 706(1),강원 정선군 화암면 화암리 396-11,128.78915961721,37.340589871797,전,토지 922㎡(278.91평),"47,944,000","23,493,000",2023-05-16,"<a href=""https://www.dooinauction.com/auction/search/?auction_id=505_20220000706_001"">link</a>",10,0.0,278.91,0.0
2022 타경 706(2),강원 정선군 화암면 화암리 442,128.78651753871,37.343269307285,전,토지 3934㎡(1190.04평),"106,218,000","52,047,000",2023-05-16,"<a href=""https://www.dooinauction.com/auction/search/?auction_id=505_20220000706_002"">link</a>",10,0.0,1190.04,0.0
2022 타경 706(3),강원 정선군 화암면 화암리 449-4,128.78730217784,37.34549000474,대지,토지 568㎡(171.82평),"109,624,000","53,716,000",2023-05-16,"<a href=""https://www.dooinauction.com/auction/search/?auction_id=505_20220000706_003"">link</a>",10,0.0,171.82,0.0
2022 타경 847,경북 문경시 점촌동 271-36 외 1개 목록,128.20066702536,36.593336386617,근린주택,건물 78.41㎡(23.72평) / 토지 88.2㎡(26.68평) / 제시외 9.09 ㎡,"161,644,500","113,151,000",2023-05-16,"<a href=""https://www.dooinauction.com/auction/search/?auction_id=704_20220000847_001"">link</a>",10,23.72,26.68,0.0
2022 타경 885(1),경북 예천군 효자면 초항리 34,128.44663513945,36.816039726879,답,토지 186㎡(56.27평),"2,399,400","1,680,000",2023-05-16,"<a href=""https://www.dooinauction.com/auction/search/?auction_id=704_20220000885_001"">link</a>",10,0.0,56.27,0.0
2022 타경 885(2),경북 예천군 효자면 초항리 91,128.44699194007,36.815634156889,답,토지 297.5㎡(89.99평),"4,998,000","3,499,000",2023-05-16,"<a href=""https://www.dooinauction.com/auction/search/?auction_id=704_20220000885_002"">link</a>",10,0.0,89.99,0.0
2022 타경 885(3),경북 예천군 효자면 초항리 192,128.44497674668,36.814588513619,답,토지 434㎡(131.29평),"9,504,600","6,653,000",2023-05-16,"<a href=""https://www.dooinauction.com/auction/search/?auction_id=704_20220000885_003"">link</a>",10,0.0,131.29,0.0
2022 타경 885(4),경북 예천군 효자면 초항리 199,128.44423701256,36.814802936264,전,토지 505.75㎡(152.99평),"10,317,300","7,222,000",2023-05-16,"<a href=""https://www.dooinauction.com/auction/search/?auction_id=704_20220000885_004"">link</a>",10,0.0,152.99,0.0
2022 타경 885(5),경북 예천군 효자면 초항리 200,128.44372168892,36.814173518789,답,토지 534㎡(161.54평),"11,374,200","7,962,000",2023-05-16,"<a href=""https://www.dooinauction.com/auction/search/?auction_id=704_20220000885_005"">link</a>",10,0.0,161.54,0.0
2022 타경 895(1),충남 당진시 송산면 가곡리 373-37 외 4개 목록,126.67499483194,36.981008350373,임야,토지 3648.78㎡(1103.76평),"638,573,230","312,901,000",2023-05-16,"<a href=""https://www.dooinauction.com/auction/search/?auction_id=404_20220000895_001"">link</a>",10,0.0,1103.76,0.0
2022 타경 895(3),충남 당진시 송산면 가곡리 377-3,126.67662515493,36.981898745351,임야,토지 335.21㎡(101.4평),"59,332,170","14,246,000",2023-05-16,"<a href=""https://www.dooinauction.com/auction/search/?auction_id=404_20220000895_003"">link</a>",10,0.0,101.4,0.0
2022 타경 897,서울 구로구 신도림동 276-5 리버스타운 101동 2층 202호,126.8803588201,37.513440127032,다세대/빌라,건물 51.83㎡(15.68평) / 대지권 24.6㎡(7.44평),"273,000,000","218,400,000",2023-05-16,"<a href=""https://www.dooinauction.com/auction/search/?auction_id=104_20220000897_001"">link</a>",10,15.68,0.0,7.44
2022 타경 897(1),경기 가평군 가평읍 경반리 585-4 외 5개 목록,127.46399256238,37.83659913239,근린시설,건물 295.71㎡(89.45평) / 토지 2773㎡(838.83평) / 제시외 225.67 ㎡,"794,010,500","794,010,500",2023-05-16,"<a href=""https://www.dooinauction.com/auction/search/?auction_id=108_20220000897_001"">link</a>",10,89.45,838.83,0.0
2022 타경 897(2),경기 가평군 가평읍 경반리 603,127.447903394,37.833701446414,답,토지 2460㎡(744.15평),"61,500,000","61,500,000",2023-05-16,"<a href=""https://www.dooinauction.com/auction/search/?auction_id=108_20220000897_002"">link</a>",10,0.0,744.15,0.0
2022 타경 897(3),경기 가평군 가평읍 경반리 610,127.44724304081,37.847112752096,전,토지 863㎡(261.06평),"54,369,000","54,369,000",2023-05-16,"<a href=""https://www.dooinauction.com/auction/search/?auction_id=108_20220000897_003"">link</a>",10,0.0,261.06,0.0
2022 타경 946,경북 문경시 동로면 적성리 1144,128.28611956935,36.777106041012,답,토지 2754㎡(833.09평),"123,930,000","123,930,000",2023-05-16,"<a href=""https://www.dooinauction.com/auction/search/?auction_id=704_20220000946_001"">link</a>",10,0.0,833.09,0.0
2022 타경 966,강원 평창군 방림면 운교리 56-10 외 11개 목록,128.33418378448,37.435525303165,임야,토지 11213㎡(3391.93평),"110,594,200","54,191,000",2023-05-16,"<a href=""https://www.dooinauction.com/auction/search/?auction_id=505_20220000966_001"">link</a>",10,0.0,3391.93,0.0
2022 타경 972,대구 달성군 하빈면 현내리 441,128.44862160945,35.902221607849,전,토지 737㎡(222.94평),"408,298,000","285,809,000",2023-05-16,"<a href=""https://www.dooinauction.com/auction/search/?auction_id=709_20220000972_001"">link</a>",10,0.0,222.94,0.0
2022 타경 1000(1),경북 예천군 용문면 하학리 398-1,128.45102039493,36.706519519744,대지,토지 638㎡(193평),"24,244,000","24,244,000",2023-05-16,"<a href=""https://www.dooinauction.com/auction/search/?auction_id=704_20220001000_001"">link</a>",10,0.0,193.0,0.0
2022 타경 1000(2),경북 예천군 용문면 대제리 13 외 1개 목록,128.46684155439,36.719300495618,근린시설,건물 196.98㎡(59.59평) / 토지 1643㎡(497.01평) / 제시외 289.8 ㎡,"201,833,160","201,833,160",2023-05-16,"<a href=""https://www.dooinauction.com/auction/search/?auction_id=704_20220001000_002"">link</a>",10,59.59,497.01,0.0
2022 타경 1000(3),경북 예천군 용문면 대제리 13-1,128.46717088365,36.719238318958,답,토지 443㎡(134.01평),"7,531,000","7,531,000",2023-05-16,"<a href=""https://www.dooinauction.com/auction/search/?auction_id=704_20220001000_003"">link</a>",10,0.0,134.01,0.0
2022 타경 1006(1),강원 평창군 봉평면 무이리 1062-8 1층 105호,128.31535419275,37.586894782861,숙박시설,건물 63.18㎡(19.11평) / 대지권 92.6㎡(28.01평),"70,000,000","34,300,000",2023-05-16,"<a href=""https://www.dooinauction.com/auction/search/?auction_id=505_20220001006_001"">link</a>",10,19.11,0.0,28.01
2022 타경 1006(2),강원 평창군 봉평면 무이리 1062-8 2층 201호,128.31535419275,37.586894782861,숙박시설,건물 31.59㎡(9.56평) / 대지권 46.3㎡(14.01평),"35,000,000","17,150,000",2023-05-16,"<a href=""https://www.dooinauction.com/auction/search/?auction_id=505_20220001006_002"">link</a>",10,9.56,0.0,14.01
2022 타경 1028,경북 경주시 안강읍 산대리 1346-3 한동화성타운 305동 2층 207호,129.18374094178,36.00127771645,아파트,건물 59.97㎡(18.14평) / 대지권 67.3㎡(20.36평),"62,000,000","30,380,000",2023-05-16,"<a href=""https://www.dooinauction.com/auction/search/?auction_id=702_20220001028_001"">link</a>",10,18.14,0.0,20.36
2022 타경 1037,강원 정선군 신동읍 예미리 803-5,128.640806624,37.207764746924,전,토지 3304㎡(999.46평),"49,560,000","34,692,000",2023-05-16,"<a href=""https://www.dooinauction.com/auction/search/?auction_id=505_20220001037_001"">link</a>",10,0.0,999.46,0.0
2022 타경 1048 ,울산 울주군 청량읍 덕하리 414-3 백양주차장내(제3자이길연) 보관,0.0,0.0,차량,"국산(대우), BX 2122013년식 567,588㎞ 0 경유 ","60,000,000","20,580,000",2023-05-16,"<a href=""https://www.dooinauction.com/auction/search/?auction_id=D01_20220001048_001"">link</a>",10,0.0,0.0,0.0
2022 타경 1062(1),경북 상주시 공성면 산현리 792-1,128.09942129887,36.273892197495,전,토지 2552㎡(771.98평),"45,936,000","32,155,000",2023-05-16,"<a href=""https://www.dooinauction.com/auction/search/?auction_id=704_20220001062_001"">link</a>",10,0.0,771.98,0.0
2022 타경 1062(2),경북 상주시 공성면 산현리 792-2,128.09920548485,36.274247699567,답,토지 2000㎡(605평),"36,000,000","25,200,000",2023-05-16,"<a href=""https://www.dooinauction.com/auction/search/?auction_id=704_20220001062_002"">link</a>",10,0.0,605.0,0.0
2022 타경 1067(2),대구 달성군 현풍읍 성하리 산 42,128.44679915785,35.712294957836,임야,토지 27834.67㎡(8419.99평),"180,925,550","88,654,000",2023-05-16,"<a href=""https://www.dooinauction.com/auction/search/?auction_id=709_20220001067_002"">link</a>",10,0.0,8419.99,0.0
2022 타경 1086,경북 상주시 도남동 607,128.25032639575,36.44670345232,과수원,토지 648.6㎡(196.2평),"19,490,430","19,490,430",2023-05-16,"<a href=""https://www.dooinauction.com/auction/search/?auction_id=704_20220001086_001"">link</a>",10,0.0,196.2,0.0
2022 타경 1109,경북 문경시 점촌동 281-3 가동 2층 202호,128.19936227196,36.592952776403,다세대/빌라,건물 75.39㎡(22.81평) / 대지권 42.7㎡(12.92평),"93,000,000","65,100,000",2023-05-16,"<a href=""https://www.dooinauction.com/auction/search/?auction_id=704_20220001109_001"">link</a>",10,22.81,0.0,12.92
2022 타경 1123,울산 울주군 서생면 나사리 산 34-1,129.34277294239,35.36191327064,임야,토지 2516㎡(761.09평),"75,480,000","75,480,000",2023-05-16,"<a href=""https://www.dooinauction.com/auction/search/?auction_id=D01_20220001123_001"">link</a>",10,0.0,761.09,0.0
2022 타경 1142,경기 가평군 청평면 상천리 산 326-47,127.46477406888,37.772882616068,임야,토지 331㎡(100.13평),"7,282,000","1,224,000",2023-05-16,"<a href=""https://www.dooinauction.com/auction/search/?auction_id=108_20220001142_001"">link</a>",10,0.0,100.13,0.0
2022 타경 1174(1),강원 평창군 방림면 계촌리 251-1 외 2개 목록,128.34594275487,37.45440839118,창고,건물 66㎡(19.97평) / 토지 253㎡(76.53평) / 제시외 13.2 ㎡,"52,558,000","52,558,000",2023-05-16,"<a href=""https://www.dooinauction.com/auction/search/?auction_id=505_20220001174_001"">link</a>",10,19.97,76.53,0.0
2022 타경 1174(2),강원 평창군 방림면 계촌리 2800-3 외 4개 목록,128.3375631927,37.448773508362,공장,건물 218.34㎡(66.05평) / 토지 2819.4㎡(852.87평) / 제시외 138.2 ㎡,"310,487,240","310,487,240",2023-05-16,"<a href=""https://www.dooinauction.com/auction/search/?auction_id=505_20220001174_002"">link</a>",10,66.05,852.87,0.0
2022 타경 1174(3),강원 평창군 방림면 계촌리 2805-5,128.34171608861,37.446337110661,답,토지 2194.4㎡(663.81평),"78,998,400","78,998,400",2023-05-16,"<a href=""https://www.dooinauction.com/auction/search/?auction_id=505_20220001174_003"">link</a>",10,0.0,663.81,0.0
2022 타경 1174(4),강원 평창군 방림면 계촌리 산 383,128.34927996791,37.448857430952,임야,토지 22810㎡(6900.03평),"98,083,000","98,083,000",2023-05-16,"<a href=""https://www.dooinauction.com/auction/search/?auction_id=505_20220001174_004"">link</a>",10,0.0,6900.03,0.0
2022 타경 1181,강원 평창군 봉평면 흥정리 133 외 1개 목록,128.33816829586,37.672617454673,전,토지 6625㎡(2004.06평),"545,658,000","267,373,000",2023-05-16,"<a href=""https://www.dooinauction.com/auction/search/?auction_id=505_20220001181_001"">link</a>",10,0.0,2004.06,0.0
2022 타경 1218(1),충남 서산시 잠홍동 742-1 4층 401호,126.47009817919,36.781468705899,근린상가,건물 1561.31㎡(472.3평) / 대지권 773.05㎡(233.85평),"3,227,000,000","1,581,230,000",2023-05-16,"<a href=""https://www.dooinauction.com/auction/search/?auction_id=404_20220001218_001"">link</a>",10,472.3,0.0,233.85
2022 타경 1221,서울 서초구 양재동 176-2 외 1개 목록,127.02495501548,37.479549954882,답,토지 2555㎡(772.89평) / 제시외 244 ㎡,"5,780,000,000","4,624,000,000",2023-05-16,"<a href=""https://www.dooinauction.com/auction/search/?auction_id=101_20220001221_001"">link</a>",10,0.0,772.89,0.0
2022 타경 1226,경북 경주시 양남면 석읍리 199 외 7개 목록,129.41472679332,35.720956830729,답,토지 2350㎡(710.88평),"326,514,000","228,560,000",2023-05-16,"<a href=""https://www.dooinauction.com/auction/search/?auction_id=702_20220001226_001"">link</a>",10,0.0,710.88,0.0
2022 타경 1258 ,경기 남양주시 오남읍 오남리 572-47 한양물류내 보관,0.0,0.0,차량,"수입차, 랜드로버 레인지로버 스포츠2014년식 146,121㎞ 자동 경유 ","35,000,000","35,000,000",2023-05-16,"<a href=""https://www.dooinauction.com/auction/search/?auction_id=108_20220001258_001"">link</a>",10,0.0,0.0,0.0
2022 타경 1259,강원 정선군 신동읍 예미리 122-48 외 5개 목록,128.65336634411,37.213394426063,답,토지 1980㎡(598.95평),"217,590,000","152,313,000",2023-05-16,"<a href=""https://www.dooinauction.com/auction/search/?auction_id=505_20220001259_001"">link</a>",10,0.0,598.95,0.0
2022 타경 1294(1),충남 태안군 안면읍 창기리 475,126.33368100835,36.569632480897,전,토지 526㎡(159.12평),"33,138,000","7,957,000",2023-05-16,"<a href=""https://www.dooinauction.com/auction/search/?auction_id=404_20220001294_001"">link</a>",10,0.0,159.12,0.0
2022 타경 1294(2),충남 태안군 안면읍 창기리 1000,126.33085700147,36.570816337387,전,토지 268㎡(81.07평),"18,224,000","4,376,000",2023-05-16,"<a href=""https://www.dooinauction.com/auction/search/?auction_id=404_20220001294_002"">link</a>",10,0.0,81.07,0.0
2022 타경 1297,강원 평창군 대관령면 용산리 256-1 가동 1층 103호,128.66359722004,37.668242398315,다세대/빌라,건물 149.7㎡(45.28평) / 대지권 226.6㎡(68.55평),"274,000,000","191,800,000",2023-05-16,"<a href=""https://www.dooinauction.com/auction/search/?auction_id=505_20220001297_001"">link</a>",10,45.28,0.0,68.55
2022 타경 1301,경북 경주시 동천동 987-17 경인파크빌라 4층 501호,129.22495837459,35.8588398278,다세대/빌라,건물 53.91㎡(16.31평) / 대지권 31.7㎡(9.59평),"65,000,000","65,000,000",2023-05-16,"<a href=""https://www.dooinauction.com/auction/search/?auction_id=702_20220001301_001"">link</a>",10,16.31,0.0,9.59
2022 타경 1364(2),대구 서구 비산동 434-465 외 1개 목록,128.57206053247,35.874770858575,근린주택,건물 33.39㎡(10.1평) / 토지 18㎡(5.45평) / 제시외 4.2 ㎡,"36,448,200","25,514,000",2023-05-16,"<a href=""https://www.dooinauction.com/auction/search/?auction_id=709_20220001364_002"">link</a>",10,10.1,5.45,0.0
2022 타경 1401,대구 달서구 죽전동 269-5 2층 201호,128.53488759936,35.850545789756,아파트,건물 84.91㎡(25.69평) / 대지권 27.1㎡(8.2평),"337,000,000","235,900,000",2023-05-16,"<a href=""https://www.dooinauction.com/auction/search/?auction_id=709_20220001401_001"">link</a>",10,25.69,0.0,8.2
2022 타경 1402,강원 평창군 미탄면 회동리 산 18,128.4971994001,37.364224730854,임야,토지 5785.17㎡(1750.01평),"43,967,292","30,777,000",2023-05-16,"<a href=""https://www.dooinauction.com/auction/search/?auction_id=505_20220001402_001"">link</a>",10,0.0,1750.01,0.0
2022 타경 1406 ,경북 문경시 점촌동 83 문경자동차상사내 보관,0.0,0.0,차량,"국산(기아), K92014년식 240,505㎞ 자동 휘발유 ","13,000,000","6,370,000",2023-05-16,"<a href=""https://www.dooinauction.com/auction/search/?auction_id=704_20220001406_001"">link</a>",10,0.0,0.0,0.0
2022 타경 1410,부산 금정구 구서동 445-20 그린빌아파트 2층 201호,129.09052984508,35.24432782975,근린상가,건물 181.78㎡(54.99평) / 대지권 25.3㎡(7.65평),"514,000,000","263,168,000",2023-05-16,"<a href=""https://www.dooinauction.com/auction/search/?auction_id=601_20220001410_001"">link</a>",10,54.99,0.0,7.65
2022 타경 1440,강원 평창군 봉평면 면온리 84-1,128.37460596181,37.563929222355,전,토지 3678㎡(1112.6평),"411,936,000","288,355,000",2023-05-16,"<a href=""https://www.dooinauction.com/auction/search/?auction_id=505_20220001440_001"">link</a>",10,0.0,1112.6,0.0
2022 타경 1462,경북 경주시 황성동 1244 1동 3층 302호,129.2239346614,35.883991912242,근린상가,건물 181.19㎡(54.81평) / 대지권 103.6㎡(31.34평),"420,000,000","420,000,000",2023-05-16,"<a href=""https://www.dooinauction.com/auction/search/?auction_id=702_20220001462_001"">link</a>",10,54.81,0.0,31.34
2022 타경 1475,경남 양산시 주남동 905,129.15251099942,35.431959285877,답,토지 1656㎡(500.94평),"329,544,000","161,477,000",2023-05-16,"<a href=""https://www.dooinauction.com/auction/search/?auction_id=D01_20220001475_001"">link</a>",10,0.0,500.94,0.0
2022 타경 1526(1),경기 화성시 영천동 동탄역메가비즈타워씨동 지하 1층 비119호,127.10031588462,37.210760051412,아파트형공장,건물 117.12㎡(35.43평),"225,000,000","225,000,000",2023-05-16,"<a href=""https://www.dooinauction.com/auction/search/?auction_id=301_20220001526_001"">link</a>",10,35.43,0.0,0.0
2022 타경 1526(2),경기 화성시 영천동 동탄역메가비즈타워씨동 지하 1층 비128호,127.10031588462,37.210760051412,아파트형공장,건물 174.2㎡(52.7평),"334,000,000","334,000,000",2023-05-16,"<a href=""https://www.dooinauction.com/auction/search/?auction_id=301_20220001526_002"">link</a>",10,52.7,0.0,0.0
2022 타경 1526(3),경기 화성시 영천동 동탄역메가비즈타워씨동 지하 1층 비139호,127.10031588462,37.210760051412,아파트형공장,건물 72.58㎡(21.96평),"136,000,000","136,000,000",2023-05-16,"<a href=""https://www.dooinauction.com/auction/search/?auction_id=301_20220001526_003"">link</a>",10,21.96,0.0,0.0
2022 타경 1526(4),경기 화성시 영천동 동탄역메가비즈타워씨동 지하 2층 비228호,127.10241507965,37.211726523219,아파트형공장,건물 121.6㎡(36.78평),"229,000,000","229,000,000",2023-05-16,"<a href=""https://www.dooinauction.com/auction/search/?auction_id=301_20220001526_004"">link</a>",10,36.78,0.0,0.0
2022 타경 1526(5),경기 화성시 영천동 동탄역메가비즈타워씨동 지하 2층 비237호,127.10241507965,37.211726523219,아파트형공장,건물 10.53㎡(3.19평),"20,000,000","20,000,000",2023-05-16,"<a href=""https://www.dooinauction.com/auction/search/?auction_id=301_20220001526_005"">link</a>",10,3.19,0.0,0.0
2022 타경 1547,경북 경주시 효현동 948,129.15774101395,35.825577676966,대지,토지 761㎡(230.2평),"357,670,000","357,670,000",2023-05-16,"<a href=""https://www.dooinauction.com/auction/search/?auction_id=702_20220001547_001"">link</a>",10,0.0,230.2,0.0
2022 타경 1550,제주 제주시 오라삼동 2623-9 외 2개 목록,126.50389859701,33.497663001448,과수원,토지 692㎡(209.33평),"698,540,000","488,978,000",2023-05-16,"<a href=""https://www.dooinauction.com/auction/search/?auction_id=901_20220001550_001"">link</a>",10,0.0,209.33,0.0
2022 타경 1556(1),강원 정선군 임계면 반천리 산 14,128.80976333978,37.468295804216,임야,토지 6200.68㎡(1875.71평),"11,781,200","11,781,200",2023-05-16,"<a href=""https://www.dooinauction.com/auction/search/?auction_id=505_20220001556_001"">link</a>",10,0.0,1875.71,0.0
2022 타경 1556(2),강원 정선군 임계면 반천리 284,128.8032927901,37.468019355684,전,토지 1024㎡(309.76평),"44,236,800","44,236,800",2023-05-16,"<a href=""https://www.dooinauction.com/auction/search/?auction_id=505_20220001556_002"">link</a>",10,0.0,309.76,0.0
2022 타경 1560,충남 태안군 남면 신온리 667-30,126.31524962868,36.606393200555,전,토지 857㎡(259.24평),"112,267,000","38,508,000",2023-05-16,"<a href=""https://www.dooinauction.com/auction/search/?auction_id=404_20220001560_001"">link</a>",10,0.0,259.24,0.0
2022 타경 1565(1),경북 영천시 북안면 유상리 1197,128.9697474371,35.903095130922,전,토지 545㎡(164.86평),"16,350,000","2,748,000",2023-05-16,"<a href=""https://www.dooinauction.com/auction/search/?auction_id=701_20220001565_001"">link</a>",10,0.0,164.86,0.0
2022 타경 1579 ,경기 남양주시 오남읍 오남리 572-47 한양물류내 보관,0.0,0.0,차량,"수입차, 아우디 Q7 35 TDL quattro2015년식 131,404㎞ 자동 경유 ","25,000,000","17,500,000",2023-05-16,"<a href=""https://www.dooinauction.com/auction/search/?auction_id=108_20220001579_001"">link</a>",10,0.0,0.0,0.0
2022 타경 1616,대구 서구 비산동 315 한신휴플러스아파트 101동 11층 1105호,128.56907018295,35.870151218553,아파트,건물 84.98㎡(25.71평) / 대지권 39.6㎡(11.98평),"355,000,000","248,500,000",2023-05-16,"<a href=""https://www.dooinauction.com/auction/search/?auction_id=709_20220001616_001"">link</a>",10,25.71,0.0,11.98
2022 타경 1622,경북 경주시 강동면 유금리 1333-3 외 1개 목록,129.2741336097,36.003383974751,주택,건물 78.54㎡(23.76평) / 토지 500㎡(151.25평) / 제시외 14 ㎡,"179,945,280","179,945,280",2023-05-16,"<a href=""https://www.dooinauction.com/auction/search/?auction_id=702_20220001622_001"">link</a>",10,23.76,151.25,0.0
2022 타경 1624(1),강원 정선군 화암면 백전리 146-2,128.88570552452,37.260767872427,전,토지 4157㎡(1257.49평),"45,727,000","45,727,000",2023-05-16,"<a href=""https://www.dooinauction.com/auction/search/?auction_id=505_20220001624_001"">link</a>",10,0.0,1257.49,0.0
2022 타경 1624(2),강원 정선군 화암면 백전리 146-3,128.88606606939,37.260653747865,임야,토지 651㎡(196.93평),"1,236,900","1,236,900",2023-05-16,"<a href=""https://www.dooinauction.com/auction/search/?auction_id=505_20220001624_002"">link</a>",10,0.0,196.93,0.0
2022 타경 1624(3),강원 정선군 화암면 백전리 161,128.88083020376,37.259926427965,전,토지 1468㎡(444.07평),"13,065,200","13,065,200",2023-05-16,"<a href=""https://www.dooinauction.com/auction/search/?auction_id=505_20220001624_003"">link</a>",10,0.0,444.07,0.0
2022 타경 1643,경기 포천시 신북면 기지리 35-1,127.23514080455,37.939591304683,주택,건물 75㎡(22.69평)제시외 46 ㎡,"45,300,000","15,538,000",2023-05-16,"<a href=""https://www.dooinauction.com/auction/search/?auction_id=106_20220001643_001"">link</a>",10,22.69,0.0,0.0
2022 타경 1661,대구 달서구 상인동 1592 장미아파트 402동 4층 403호,128.55649094917,35.807619099748,아파트,건물 49.8㎡(15.06평) / 대지권 29.4㎡(8.89평),"151,000,000","105,700,000",2023-05-16,"<a href=""https://www.dooinauction.com/auction/search/?auction_id=709_20220001661_001"">link</a>",10,15.06,0.0,8.89
2022 타경 1688,서울 동대문구 제기동 1158-28 세종 지하 1층 비101호,127.03355276384,37.579744874982,근린상가,건물 262.36㎡(79.36평) / 대지권 108.7㎡(32.88평),"1,000,000,000","512,000,000",2023-05-16,"<a href=""https://www.dooinauction.com/auction/search/?auction_id=105_20220001688_001"">link</a>",10,79.36,0.0,32.88
2022 타경 1771,서울 관악구 신림동 652-10 라임카운티 2층 304호,126.92396707772,37.467369447442,다세대/빌라,건물 29.16㎡(8.82평) / 대지권 27.5㎡(8.32평),"266,000,000","136,192,000",2023-05-16,"<a href=""https://www.dooinauction.com/auction/search/?auction_id=101_20220001771_001"">link</a>",10,8.82,0.0,8.32
2022 타경 1799,경기 김포시 대곶면 대벽리 201,126.57743591166,37.631778534098,전,토지 112㎡(33.88평),"33,600,000","11,525,000",2023-05-16,"<a href=""https://www.dooinauction.com/auction/search/?auction_id=202_20220001799_001"">link</a>",10,0.0,33.88,0.0
2022 타경 1807,경기 가평군 조종면 운악리 426-21 외 3개 목록,127.34568064569,37.864227436823,임야,토지 2930㎡(886.33평) / 제시외 582 ㎡,"682,122,000","682,122,000",2023-05-16,"<a href=""https://www.dooinauction.com/auction/search/?auction_id=108_20220001807_001"">link</a>",10,0.0,886.33,0.0
2022 타경 1836,충남 당진시 대호지면 사성리 209-26 외 3개 목록,126.51909086094,36.914553358548,공장,건물 1674㎡(506.39평) / 토지 11153㎡(3373.78평),"1,884,082,000","646,240,000",2023-05-16,"<a href=""https://www.dooinauction.com/auction/search/?auction_id=404_20220001836_001"">link</a>",10,506.39,3373.78,0.0
2022 타경 1895,울산 동구 방어동 308-3 월드스카이파크 18층 2002호,129.42184778723,35.484042619547,아파트,건물 84.95㎡(25.7평) / 대지권 26.86㎡(8.13평),"229,000,000","160,300,000",2023-05-16,"<a href=""https://www.dooinauction.com/auction/search/?auction_id=D01_20220001895_001"">link</a>",10,25.7,0.0,8.13
2022 타경 1906,대구 달서구 본동 616 월성주공5단지 508동 4층 412호,128.53512513371,35.833128294356,아파트,건물 49.94㎡(15.11평) / 대지권 38.6㎡(11.68평),"183,000,000","128,100,000",2023-05-16,"<a href=""https://www.dooinauction.com/auction/search/?auction_id=709_20220001906_001"">link</a>",10,15.11,0.0,11.68
2022 타경 1913,경기 남양주시 금곡동 172-20 유림주택 4층 401호,127.21473180237,37.638028360852,다세대/빌라,건물 42.36㎡(12.81평) / 대지권 29.2㎡(8.83평),"85,000,000","59,500,000",2023-05-16,"<a href=""https://www.dooinauction.com/auction/search/?auction_id=108_20220001913_001"">link</a>",10,12.81,0.0,8.83
2022 타경 1973(2),충남 당진시 석문면 교로리 942-29 외 1개 목록,126.4978541516,37.052944623815,임야,토지 13220㎡(3999.05평),"1,652,500,000","809,725,000",2023-05-16,"<a href=""https://www.dooinauction.com/auction/search/?auction_id=404_20220001973_002"">link</a>",10,0.0,3999.05,0.0
2022 타경 1973(3),충남 당진시 고대면 장항리 487-2 외 2개 목록,126.59146352864,36.951445690139,자동차시설,건물 72㎡(21.78평) / 토지 2709㎡(819.47평),"581,640,000","285,004,000",2023-05-16,"<a href=""https://www.dooinauction.com/auction/search/?auction_id=404_20220001973_003"">link</a>",10,21.78,819.47,0.0
2022 타경 1988,충남 보령시 대천동 108-7 외 3개 목록,126.59798864548,36.351005660124,대지,토지 1199.7㎡(362.91평),"1,470,820,000","1,029,574,000",2023-05-16,"<a href=""https://www.dooinauction.com/auction/search/?auction_id=405_20220001988_001"">link</a>",10,0.0,362.91,0.0
2022 타경 2037,충남 당진시 신평면 운정리 265-1 외 5개 목록,126.81887659838,36.891419164657,양어장,건물 1448.96㎡(438.31평) / 토지 4590㎡(1388.48평) / 제시외 12 ㎡,"1,998,478,280","979,255,000",2023-05-16,"<a href=""https://www.dooinauction.com/auction/search/?auction_id=404_20220002037_001"">link</a>",10,438.31,1388.48,0.0
2022 타경 2053,대구 달성군 다사읍 서재리 31-6 1동 지하 1층 비104호 외 2개 목록,128.4999882782,35.878771245014,아파트형공장,건물 481.76㎡(145.73평) / 대지권 532.27㎡(161.01평),"1,105,232,500","1,105,232,500",2023-05-16,"<a href=""https://www.dooinauction.com/auction/search/?auction_id=709_20220002053_001"">link</a>",10,145.73,0.0,161.01
2022 타경 2059(1),충남 예산군 덕산면 시량리 163 1층 101호,126.65115395417,36.685088107872,다세대/빌라,건물 35.64㎡(10.78평) / 대지권 46㎡(13.92평),"53,000,000","53,000,000",2023-05-16,"<a href=""https://www.dooinauction.com/auction/search/?auction_id=405_20220002059_001"">link</a>",10,10.78,0.0,13.92
2022 타경 2059(2),충남 예산군 덕산면 시량리 163 1층 102호,126.65115395417,36.685088107872,다세대/빌라,건물 35.64㎡(10.78평) / 대지권 46㎡(13.92평),"53,000,000","53,000,000",2023-05-16,"<a href=""https://www.dooinauction.com/auction/search/?auction_id=405_20220002059_002"">link</a>",10,10.78,0.0,13.92
2022 타경 2059(3),충남 예산군 덕산면 시량리 163 1층 103호,126.65115395417,36.685088107872,다세대/빌라,건물 35.64㎡(10.78평) / 대지권 46㎡(13.92평),"53,000,000","53,000,000",2023-05-16,"<a href=""https://www.dooinauction.com/auction/search/?auction_id=405_20220002059_003"">link</a>",10,10.78,0.0,13.92
2022 타경 2059(4),충남 예산군 덕산면 시량리 163 1층 104호,126.65115395417,36.685088107872,다세대/빌라,건물 35.64㎡(10.78평) / 대지권 46㎡(13.92평),"53,000,000","53,000,000",2023-05-16,"<a href=""https://www.dooinauction.com/auction/search/?auction_id=405_20220002059_004"">link</a>",10,10.78,0.0,13.92
2022 타경 2059(5),충남 예산군 덕산면 시량리 163 2층 201호,126.65115395417,36.685088107872,다세대/빌라,건물 35.64㎡(10.78평) / 대지권 46㎡(13.92평),"55,000,000","55,000,000",2023-05-16,"<a href=""https://www.dooinauction.com/auction/search/?auction_id=405_20220002059_005"">link</a>",10,10.78,0.0,13.92
2022 타경 2059(6),충남 예산군 덕산면 시량리 163 2층 202호,126.65115395417,36.685088107872,다세대/빌라,건물 35.64㎡(10.78평) / 대지권 46㎡(13.92평),"55,000,000","55,000,000",2023-05-16,"<a href=""https://www.dooinauction.com/auction/search/?auction_id=405_20220002059_006"">link</a>",10,10.78,0.0,13.92
2022 타경 2059(7),충남 예산군 덕산면 시량리 163 2층 203호,126.65115395417,36.685088107872,다세대/빌라,건물 35.64㎡(10.78평) / 대지권 46㎡(13.92평),"55,000,000","55,000,000",2023-05-16,"<a href=""https://www.dooinauction.com/auction/search/?auction_id=405_20220002059_007"">link</a>",10,10.78,0.0,13.92
2022 타경 2059(8),충남 예산군 덕산면 시량리 163 2층 204호,126.65115395417,36.685088107872,다세대/빌라,건물 35.64㎡(10.78평) / 대지권 46㎡(13.92평),"55,000,000","55,000,000",2023-05-16,"<a href=""https://www.dooinauction.com/auction/search/?auction_id=405_20220002059_008"">link</a>",10,10.78,0.0,13.92
2022 타경 2059(9),충남 예산군 덕산면 시량리 163 3층 301호,126.65115395417,36.685088107872,다세대/빌라,건물 35.64㎡(10.78평) / 대지권 46㎡(13.92평),"55,000,000","55,000,000",2023-05-16,"<a href=""https://www.dooinauction.com/auction/search/?auction_id=405_20220002059_009"">link</a>",10,10.78,0.0,13.92
2022 타경 2059(10),충남 예산군 덕산면 시량리 163 3층 302호,126.65115395417,36.685088107872,다세대/빌라,건물 35.64㎡(10.78평) / 대지권 46㎡(13.92평),"55,000,000","55,000,000",2023-05-16,"<a href=""https://www.dooinauction.com/auction/search/?auction_id=405_20220002059_010"">link</a>",10,10.78,0.0,13.92
2022 타경 2059(11),충남 예산군 덕산면 시량리 163 3층 303호,126.65115395417,36.685088107872,다세대/빌라,건물 35.64㎡(10.78평) / 대지권 46㎡(13.92평),"55,000,000","55,000,000",2023-05-16,"<a href=""https://www.dooinauction.com/auction/search/?auction_id=405_20220002059_011"">link</a>",10,10.78,0.0,13.92
2022 타경 2059(12),충남 예산군 덕산면 시량리 163 3층 304호,126.65115395417,36.685088107872,다세대/빌라,건물 35.64㎡(10.78평) / 대지권 46㎡(13.92평),"55,000,000","55,000,000",2023-05-16,"<a href=""https://www.dooinauction.com/auction/search/?auction_id=405_20220002059_012"">link</a>",10,10.78,0.0,13.92
2022 타경 2059(13),충남 예산군 덕산면 시량리 163 4층 401호,126.65115395417,36.685088107872,다세대/빌라,건물 35.64㎡(10.78평) / 대지권 46㎡(13.92평),"53,000,000","53,000,000",2023-05-16,"<a href=""https://www.dooinauction.com/auction/search/?auction_id=405_20220002059_013"">link</a>",10,10.78,0.0,13.92
2022 타경 2059(14),충남 예산군 덕산면 시량리 163 4층 402호,126.65115395417,36.685088107872,다세대/빌라,건물 35.64㎡(10.78평) / 대지권 46㎡(13.92평),"53,000,000","53,000,000",2023-05-16,"<a href=""https://www.dooinauction.com/auction/search/?auction_id=405_20220002059_014"">link</a>",10,10.78,0.0,13.92
2022 타경 2059(15),충남 예산군 덕산면 시량리 163 4층 403호,126.65115395417,36.685088107872,다세대/빌라,건물 35.64㎡(10.78평) / 대지권 46㎡(13.92평),"53,000,000","53,000,000",2023-05-16,"<a href=""https://www.dooinauction.com/auction/search/?auction_id=405_20220002059_015"">link</a>",10,10.78,0.0,13.92
2022 타경 2059(16),충남 예산군 덕산면 시량리 163 4층 404호,126.65115395417,36.685088107872,다세대/빌라,건물 35.64㎡(10.78평) / 대지권 46㎡(13.92평),"53,000,000","53,000,000",2023-05-16,"<a href=""https://www.dooinauction.com/auction/search/?auction_id=405_20220002059_016"">link</a>",10,10.78,0.0,13.92
2022 타경 2060,서울 강서구 화곡동 46-380 하이63 5층 501호,126.84938749978,37.543845913529,다세대/빌라,건물 29.56㎡(8.94평) / 대지권 21.5㎡(6.5평),"205,000,000","164,000,000",2023-05-16,"<a href=""https://www.dooinauction.com/auction/search/?auction_id=104_20220002060_001"">link</a>",10,8.94,0.0,6.5
2022 타경 2084 ,경기 남양주시 오남읍 오남리 572-47 한양물류내 보관,0.0,0.0,차량,"국산(현대), 쏘나타2014년식 432,856㎞ 자동 휘발유 ","2,800,000","1,960,000",2023-05-16,"<a href=""https://www.dooinauction.com/auction/search/?auction_id=108_20220002084_001"">link</a>",10,0.0,0.0,0.0
2022 타경 2127,충남 예산군 덕산면 옥계리 141-51 외 9개 목록,126.65469236511,36.709568885086,근린주택,건물 232.57㎡(70.35평) / 토지 584.85㎡(176.92평),"553,686,400","271,306,000",2023-05-16,"<a href=""https://www.dooinauction.com/auction/search/?auction_id=405_20220002127_001"">link</a>",10,70.35,176.92,0.0
2022 타경 2251,대구 달성군 화원읍 성산리 55 화원삼주타운 101동 7층 707호,128.48867565064,35.80837634108,아파트,건물 98.94㎡(29.93평) / 대지권 44.2㎡(13.37평),"250,000,000","250,000,000",2023-05-16,"<a href=""https://www.dooinauction.com/auction/search/?auction_id=709_20220002251_001"">link</a>",10,29.93,0.0,13.37
2022 타경 2303,충남 태안군 원북면 신두리 1233-49 1동 외 7개 목록,126.18073117929,36.831211241713,주택,건물 405.84㎡(122.77평) / 토지 4592㎡(1389.08평),"3,268,729,600","1,601,678,000",2023-05-16,"<a href=""https://www.dooinauction.com/auction/search/?auction_id=404_20220002303_001"">link</a>",10,122.77,1389.08,0.0
2022 타경 2350(1),경북 성주군 대가면 대천리 252,128.18325505126,35.884430674597,답,토지 651㎡(196.93평),"33,201,000","33,201,000",2023-05-16,"<a href=""https://www.dooinauction.com/auction/search/?auction_id=709_20220002350_001"">link</a>",10,0.0,196.93,0.0
2022 타경 2350(2),경북 성주군 대가면 대천리 253-2,128.18263296536,35.883868330935,답,토지 180㎡(54.45평),"4,140,000","4,140,000",2023-05-16,"<a href=""https://www.dooinauction.com/auction/search/?auction_id=709_20220002350_002"">link</a>",10,0.0,54.45,0.0
2022 타경 2350(3),경북 성주군 대가면 대천리 331,128.18319766465,35.881421623421,답,토지 2㎡(0.61평),"46,000","46,000",2023-05-16,"<a href=""https://www.dooinauction.com/auction/search/?auction_id=709_20220002350_003"">link</a>",10,0.0,0.61,0.0
2022 타경 2367,경기 가평군 상면 덕현리 162-5 외 1개 목록,127.40169020649,37.756692655367,다가구 주택,건물 493.44㎡(149.27평) / 토지 1600㎡(484평) / 제시외 156.52 ㎡,"744,639,680","364,874,000",2023-05-16,"<a href=""https://www.dooinauction.com/auction/search/?auction_id=108_20220002367_001"">link</a>",10,149.27,484.0,0.0
2022 타경 2400,경기 시흥시 거모동 1772-14 지하 1층 비101호,126.78458242583,37.340775386122,다세대/빌라,건물 65.82㎡(19.91평) / 대지권 23㎡(6.96평),"75,000,000","52,500,000",2023-05-16,"<a href=""https://www.dooinauction.com/auction/search/?auction_id=305_20220002400_001"">link</a>",10,19.91,0.0,6.96
2022 타경 2404,경북 성주군 수륜면 백운리 540 외 4개 목록,128.16402620531,35.795725411637,주택,건물 96.75㎡(29.27평) / 토지 1382㎡(418.06평) / 제시외 14.4 ㎡,"250,455,250","250,455,250",2023-05-16,"<a href=""https://www.dooinauction.com/auction/search/?auction_id=709_20220002404_001"">link</a>",10,29.27,418.06,0.0
2022 타경 2419,충남 당진시 대덕동 1186-55 메트로파크빌리지 101동 3층 301호,126.62947675265,36.881497670914,다세대/빌라,건물 185.34㎡(56.07평) / 대지권 427.5㎡(129.32평),"391,000,000","273,700,000",2023-05-16,"<a href=""https://www.dooinauction.com/auction/search/?auction_id=404_20220002419_001"">link</a>",10,56.07,0.0,129.32
2022 타경 2423,울산 울주군 언양읍 반천리 75-2 외 1개 목록,129.18792436839,35.55448180507,답,토지 2820㎡(853.05평),"479,400,000","335,580,000",2023-05-16,"<a href=""https://www.dooinauction.com/auction/search/?auction_id=D01_20220002423_001"">link</a>",10,0.0,853.05,0.0
2022 타경 2585,충남 홍성군 광천읍 상정리 산 41-1,126.60919246347,36.509099724451,임야,토지 13983㎡(4229.86평),"363,558,000","124,701,000",2023-05-16,"<a href=""https://www.dooinauction.com/auction/search/?auction_id=405_20220002585_001"">link</a>",10,0.0,4229.86,0.0
2022 타경 2590,서울 강남구 수서동 795 강남데시앙포레 105동 4층 403호,127.09087657659,37.480983223272,아파트,건물 59.97㎡(18.14평) / 대지권 49.1㎡(14.85평),"1,700,000,000","1,700,000,000",2023-05-16,"<a href=""https://www.dooinauction.com/auction/search/?auction_id=101_20220002590_001"">link</a>",10,18.14,0.0,14.85
2022 타경 2600,충남 서산시 지곡면 무장리 920 늘푸른오스카빌 101동 3층 305호,126.44662818148,36.842137187996,아파트,건물 84.98㎡(25.71평) / 대지권 58.8㎡(17.79평),"127,000,000","88,900,000",2023-05-16,"<a href=""https://www.dooinauction.com/auction/search/?auction_id=404_20220002600_001"">link</a>",10,25.71,0.0,17.79
2022 타경 2626,경기 가평군 조종면 현리 315-6 그린홈빌라 1동 1층 101호,127.34457635944,37.820099637006,다세대/빌라,건물 60.48㎡(18.3평) / 대지권 82.12㎡(24.84평),"92,000,000","92,000,000",2023-05-16,"<a href=""https://www.dooinauction.com/auction/search/?auction_id=108_20220002626_001"">link</a>",10,18.3,0.0,24.84
2022 타경 2637,부산 사하구 감천동,129.00699322508,35.092461795466,선박,,"2,919,028,000","1,868,178,000",2023-05-16,"<a href=""https://www.dooinauction.com/auction/search/?auction_id=603_20220002637_001"">link</a>",10,0.0,0.0,0.0
